name,address,city,postal,phone,website,email
Bonnie Bairns Childcare Services,2260 Philip Ave,North Vancouver,V7P 2W8,604-983-2600,,
Forest Grove Childcare Centre,36-8650 Cinnamon Dr,Burnaby,V5A 4H7,604-339-6340,,
mcgregor Child Care Centre (0 - 3 Gdc),1155 Broadway E,Vancouver,V5T 4V5,778-783-5147,,
Eco Kids Care Inc.,6256 Mt Lehman Rd,Abbotsford,V4X 2G5,778-549-0766,,
Laugh And Learn Children Centre Branch,5412 Vedder Rd,Chilliwack,V2R 3M4,604-705-2556,,
Shannon Day Care,290-1200 73Rd Ave W,Vancouver,V6P 6G5,604-263-3421,,
West Point Grey Under Three Day Care,1708 West 16Th Ave,Vancouver,V6J 2M1,604-568-9002,,
Cedar Grove Childcare Centre,10330 144 St,Surrey,V3T 4V3,604-584-2311,,
Bright Angels Children's Centre Ii,21176 Yeoman's Cres,Langley,V1M 2P7,604-599-1943,,
Creekview Tiny Tots (18Mths - 3Yrs Gdc),1483 Lamey's Mill Rd,Vancouver,V6H 3Y7,604-742-0212,,
Delbrook Wonderland Academy,#120 - 3721 Delbrook Ave,North Vancouver,V7N 3Z4,778-340-9595,,
Kids Club,2855 Acadia Rd,Vancouver,V6T 1S1,604-827-9232,,
Swamp,101-2730 Acadia Rd,Vancouver,V6T 1S1,604-837-9232,,
Creative Childcare Centre,1891 Wellington Cres,Richmond,V7B 1G6,604-512-1318,,
Brock Junction After School Program,4860 Main St,Vancouver,V5V 3R8,604-323-8370,,
Calypso Montessori School Bc Ltd.,2474 Prince Edward St,Vancouver,V5T 3M8,604-266-4416,,
Quadra Child Care Centre,4315 6Th Ave W,Vancouver,V6R 3Z4,604-224-5911,,
Sunflower Preschool,2260 Philip Ave,North Vancouver,V7P 2W8,604-985-9622,,
Shaughnessy Point Grey Out Of School Care Centre,5300 Maple St,Vancouver,V6M 3T6,604-261-0515,,
Little Vine Learning Centre,1005 Kensington Ave,Burnaby,V5B 4B8,604-566-5887,,
Douglas Park Preschool,801 22Nd Ave W,Vancouver,V5Z 1Z8,604-257-8134,,
Kiwassa-Longhouse Out Of School Care Program,2595 Franklin St,Vancouver,V5K 1X5,604-254-5401,,
Brentwood Park Plus,"1455 Delta Ave, Room B",Burnaby,V5B 3G4,604-292-1290,,
Abc University Daycare,4595 8Th Ave W,Vancouver,V6R 2A4,604-228-5885,,
Nsnh - Lynn Valley Kid's Club,3361 Mountain Hwy,North Vancouver,V7K 2H4,604-987-8138,,
Park Place Out-Of-School Care,521 Fader St,New Westminster,V3L 3T4,604-540-1688,,
Playwest Kids Out-Of-School Care,1714 8 Ave,New Westminster,V3M 2S7,604-517-6078,,
Misty Meadows Out-Of-School Care,91 Courtney Cres,New Westminster,V3L 4M1,604-540-1688,,
Hilltop Hideway Out-Of-School Care,331 Richmond St,New Westminster,V3L 4B7,604-540-1688,,
Griffin's Alley-Out-Of-School Care,701 Park Cres,New Westminster,V3L 5V4,604-540-1688,,
Klub Kelvin Out-Of-School Care,1010 Hamilton St,New Westminster,V3M 2M9,604-517-6088,,
Acorn-Eight Oaks Day Care Centre,103 3637 Cambie St,Vancouver,V5Z 2X3,604-872-0022,,
St. Alban's The Martyr Day Care,7717 19Th Ave,Burnaby,V3N 1E8,604-522-6228,,
Gladwin Child Care Centre,3145 Gladwin Rd,Abbotsford,V2T 5T4,604-853-9084,,
Kensington Preschool,5175 Dumfries St,Vancouver,V5P 3A2,604-874-4231,,
Burnaby French Language Preschool,6060 Marlborough Ave,Burnaby,V5H 3L7,604-432-1323,,
Kingsway Christian Children's Centre - Clubhouse,4045 Kingsway,Burnaby,V5H 1Y9,604-437-3393,,
Kingsway Christian Children's Centre,4061 Kingsway,Burnaby,V5H 1Z1,604-437-3393,,
Hilltop Christian Child Care,6749 120 St,Delta,V4E 2A7,604-594-0910,,
New Life Child Care Centre,8868 128 St,Surrey,V3V 5M7,604-590-6131,,
Port Coquitlam Children's Centre,50-3150 Coast Meridian Rd,Port Coquitlam,V3B 5J8,604-941-9206,,
Starbright Educare Day Care,15515 104A Ave,Surrey,V3R 6W5,604-583-5756,,
Highlands Out Of School Care,3150 Colwood Dr,North Vancouver,V7R 2R6,604-985-6958,,
Our Saviour Child Care Centre,6340 No. 4 Rd,Richmond,V6Y 2S9,604-270-0085,,
Dicken's Out Of School Care,1010 17Th Ave E,Vancouver,V5V 0A6,604-875-9111,,
Beaconsfield Out Of School Care,3663 Penticton St,Vancouver,V5N 3C9,604-875-9111,,
Secord Out Of School Care,2500 Lakewood Dr,Vancouver,V5N 4V1,604-875-9111,,
Selkirk Out Of School Care,1750 22Nd Ave E,Vancouver,V5N 2P7,604-875-9111,,
Poppins Preschool,6470 Victoria Dr,Vancouver,V5P 3X7,604-875-9111,,
Queen Alexandra Out Of School Care,1300 Broadway E,Vancouver,V5N 1V6,604-875-9111,,
Gilmore Out Of School Care,8380 Elsmore Rd,Richmond,V7C 2A1,604-238-8415,,
Merry King Preschool,9180 No. 1 Rd,Richmond,V7E 6L5,604-238-8415,,
Lynn Valley Parent Participation Preschool,3220 Mountain Highway,North Vancouver,V7K 2H5,604-985-5512,,
Our Lady Of Perpetual Help Junior Kindergarten,2550 Camosun St,Vancouver,V6R 3W6,604-221-0002,,
Pomme D'api Preschool,2190 E 44,Vancouver,V5P 1N2,604-877-1122,,
St. Casimir's Day Care Centre,4255 Inverness Str,Vancouver,V5V 4W9,604-876-1156,,
Kitsilano Area Childcare Centre,2041 6Th Ave W,Vancouver,V6J 1R8,604-732-6327,,
Child's World Preschool,9020 Williams Rd,Richmond,V7A 1G9,604-238-8063,,
South Arm Out Of School Care #1,8880 Williams Rd,Richmond,V7A 1G6,604-238-8078,,
Preschool Camps,8880 Williams Rd,Richmond,V7A 1G6,604-238-8063,,
Creative Minds Early Learning Centre,5351 Camosun St,Vancouver,V6N 2C4,604-263-4711,,
Sunshine Hills Parent Participation,6750 Carncross Cres,Delta,V4E 2L5,604-596-2515,,
Brighouse Junior Kindergarten,8151 Bennett Rd,Richmond,V6Y 1N4,604-312-3352,,
Children's House Montessori Preschool,1563 Regan Ave,Coquitlam,V3J 3B7,604-931-1311,,
Village Day Care,3290 Ganymede Dr,Burnaby,V3J 1A4,604-421-3064,,
Tiggy Winkle Corner Preschool,2690 Larch St,Vancouver,V6K 4K9,604-257-6976,,
Nelson Avenue Daycare,5825 Nelson Ave,Burnaby,V5H 3H6,604-439-9263,,
Maple Ridge Adventure Preschool,21698 Dewdney Trunk Road,Maple Ridge,V2X 3G7,604-463-4903,,
Killarney Park Preschool,6426 Kerr Str,Vancouver,V5S 3C1,604-435-7455,,
Deep Cove Parent Participation Preschool,1204 Caledonia Ave,North Vancouver,V7G 2A6,778-834-3321,,
Carnarvon Community Group Child Care,3350 Balaclava St,Vancouver,V6L 2S6,604-731-7007,,
Shaughnessy Heights Early Learning Centre,1550 33Rd Ave W,Vancouver,V6M 1A7,604-261-6711,,
Dunbar Memorial Preschool,4747 Dunbar St,Vancouver,V6S 2H2,604-218-3840,,
Spare Time Bobolink,2421 Scarboro Ave,Vancouver,V6P 2L5,604-325-1010,,
Spare Time Challenge Club,6901 Elliott St,Vancouver,V5S 2N1,604-325-1010,,
Spare Time Clubhouse,4251 Ontario St,Vancouver,V5V 3G8,604-875-1818,,
Spare Time Ii,7350 Laurel St,Vancouver,V6P 3T9,604-325-1010,,
False Creek Out Of School Care,1318 Cartwright St,Vancouver,V6H 3R8,604-257-6998,,
Swamp Willow Preschool,1318 Cartwright St,Vancouver,V6H 3R8,604-257-6998,,
Community Montessori Children's Centre,1461 19 Ave E,Vancouver,V5N 2H9,604-874-4622,,
Stepping Stone Preschool,7284 Cypress St,Vancouver,V6P 5M3,604-765-4505,,
Dunbar-Queen Elizabeth Group Child Care,4102 16Th Ave W,Vancouver,V6R 3E3,604-224-1125,,
Family Montessori School,1099 Sitka Sq,Vancouver,V6H 3P8,604-224-2643,,
Helping Hands Children's Centre,9012  160Th St,Surrey,V4N 3A5,604-582-9700,,
Beehive Christian Early Learning,8255 13 Ave,Burnaby,V3N 2G6,604-521-6601,,
Queen's Park Preschool,"Centennial Lodge, Queens Pk.",New Westminster,V3M 6W6,604-526-1153,,
Little Neighbours Nursery School,155 Finnigan St,Coquitlam,V3K 5J2,604-521-5158,,
Chipmunk Achievers Preschool,20025 91A Ave,Langley,V1M 3A2,604-888-5022,,
Pied Piper Preschool,8757 Armstrong Ave,Burnaby,V3N 2H8,604-524-0833,,
Trimble Group Child Care (School Age),2000 Trimble St,Vancouver,V6R 3Z4,604-224-1131,,
Tenth Avenue Alliance Wee Care Day Care Centre,11 10Th Ave W,Vancouver,V5Y 1R5,604-876-3723,,
Trinity Baptist Day Care,1460 West 49Th Ave,Vancouver,V6M 2R5,604-264-1192,,
Vancouver Child Study Centre,949 49Th Ave W,Vancouver,V5Z 2T1,604-222-1943,,
Franklin Community Preschool,250 Skeena St,Vancouver,V5K 4N8,604-291-9310,,
University Hill Kinderclub (School Age),5395 Chancellor Boulevard,Vancouver,V6T 1E2,604-222-0700,,
Sunset Early Learning Day Program,6810 Main St,Vancouver,V5X 0A1,604-718-6512,,
Jcc B'raysheet Toddler Daycare,950 41 Ave W,Vancouver,V5Z 2N7,604-257-5162,,
Jcc Shalom Out Of School Care,950 41 Ave W,Vancouver,V5Z 2N7,604-257-5162,,
Happy Days Playschool,489 Mundy St,Coquitlam,V3K 5N2,604-936-0722,,
Sunbeam Preschool & Childcare,21277 56 Ave,Langley,V2Y 1M3,778-777-2054,,
Gilmore Preschool,50 Gilmore Ave,Burnaby,V5C 4P5,604-618-4333,,
Peardonville House Day Care,825 Peardonville Rd,Abbotsford,V4X 2L8,604-864-0039,,
Hillview Parent Participation Preschool,4340 Carson St,Burnaby,V5J 2X9,604-431-0119,,
St. James Day Care Center,3214 10Th Ave W,Vancouver,V6K 2L2,604-733-1821,,
The Children's Centre At Gateway,10840 133A St,Surrey,V3T 4A6,604-581-5853,,
Elite Montessori Academy,101-3641 29Th Ave W,Vancouver,V6S 1T5,604-221-0242,,
Immaculate Heart Early Childhood Education Centre,789 Alderson Ave,Coquitlam,V3K 1T9,604-939-3682,,
Tempe Tots Daycare,2870 Munday Pl,North Vancouver,V7N 4L2,604-985-3783,,
Madison Children's Centre,4397 Buchanan St,Burnaby,V5C 3X7,604-526-2522,,
Kilmer Children's Centre Inc.,1592 Knappen St,Port Coquitlam,V3C 4S9,604-941-2644,,
Abbotsford Childcare,2054 Cherry St,Abbotsford,V2S 3S6,604-612-0439,,
Futurekids Daycare Centre,600 Fairview St,Coquitlam,V3J 4A7,604-720-2287,,
Honey Tree Daycare,8469 148A St,Surrey,V3S 7K6,604-599-0832,,
Tiny Town Childcare Centre,5747 Gilpin St,Burnaby,V5G 2J1,604-433-6110,,
Birchland Tree House Play Care Ltd.,1331 Fraser Ave,Port Coquitlam,V3B 7H5,604-945-0002,,
Funshine Daycare Center,2864 mccoomb Dr,Coquitlam,V3B 6B3,604-464-6442,,
Wonder Years Day Care - Fraser Crossing,5537 209 St,Langley,V3A 2K8,604-530-6554,,
Kids Club Child Care Centre Ltd. (Gladwin),3845 Gladwin Rd,Abbotsford,V2S 7A1,604-852-2822,,
Kids Club Child Care Centre Ltd. (Mcmillan Rd),3130 mcmillan Rd,Abbotsford,V2S 6A8,604-852-6606,,
Kids Club Child Care Centre Ltd. (Delair Road),35190 Delair Rd,Abbotsford,V3G 2E2,604-556-7355,,
Three Bears Centre,9887 Cameron St,Burnaby,V3J 1M3,604-444-3302,,
Absorbent Minds Montessori Ltd.,7283 Nelson Ave,Burnaby,V5J 4C2,604-433-2144,,
Toy Box Early Childhhood Centre,6062 132 St,Surrey,V3X 1M8,604-512-0406,,
Green Planet Daycare,2435 Lobb Ave,Port Coquitlam,V3C 6B9,604-941-3039,,
Whalley Day Care Ltd.,10562  132 A St,Surrey,V3T 3X7,604-581-0237,,
Whalley Learning Centre And Child Care,10563  133 St,Surrey,V3T 3Z2,604-581-0237,,
All-Day Children's Workshop,4501 Highland Blvd,North Vancouver,V7R 3A2,604-986-5597,,
Fraser Valley Montessori Preschool Sandy Hill Campus,3836 Old Clayburn Rd,Abbotsford,V3G 2Z5,604-859-5061,,
All Is Well Childcare,9927 132 St,Surrey,V3T 3S9,604-588-5722,,
Burnaby Lakeview Early Learning Centre,7777 Mayfield St,Burnaby,V5E 2J5,604-522-5515,,
Fraser Glen Preschool,16293 104 Ave,Surrey,V4N 1Z7,604-583-4229,,
"Lonsdale Preschool, Harry Jerome Complex",125 23Rd St E,North Vancouver,V7L 3E2,604-983-6510,,
Delbrook Preschool,851 Queens Rd W,North Vancouver,V7N 4E3,604-983-6510,,
Sandpiper Preschool,3590 Mountain Hwy,North Vancouver,V7K 0A2,604-983-6510,,
Astro Tots Learning Center Ltd.,2211 Prairie Ave,Port Coquitlam,V3B 1V8,604-803-5428,,
Westside Montessori School (2011) Ltd.,4157 Oak St,Vancouver,V6H 2N1,604-731-6594,,
Upper Lonsdale Preschool,3380 Lonsdale Ave,North Vancouver,V7N 3K2,604-988-8710,,
Happy Corner Parent Participation Preschool,3434 Falaise Ave,Vancouver,V5M 4C1,604-433-7923,,
Pioneer Daycare Center,8711 Cambie Rd,Richmond,V6X 1K2,604-278-8212,,
St. Francis Of Assisi Preschool,2025 Napier St,Vancouver,V5L 2N8,604-253-7311,,
Aldergrove Daycare Centre,26770 29 Ave,Aldergrove,V4W 3B8,604-856-3724,,
Kids Care Preschool,7715 Muirfield Dr,Vancouver,V5S 2L5,604-325-5213,,
Kids - Inn #1,7430  140 St,Surrey,V3W 5J7,604-591-9020,,
Parkland Players,1563 Regan Ave,Coquitlam,V3J 3B7,604-936-7005,,
Bright Angels Childrens Centre,14219 88Th Ave,Surrey,V3W 3L5,604-599-1943,,
Braun-Tasaurus Preschool,2087 Majestic Cres,Abbotsford,V2T 3E9,604-854-5963,,
Dharma Kids Centre,3821 Piper Ave,Burnaby,V5A 3B2,604-420-2604,,
Kids Link Out Of School Care,7502  2Nd St,Burnaby,V3N 3R5,604-889-1092,,
Neverland Children's Centre,3900 Arthur Dr,Delta,V4K 3N5,604-940-4131,,
Wibble Wobble Childcare - Fairfield,46326 Strathcona Rd,Chilliwack,V2P 3T3,604-793-9300,,
Bethany Child Care Centre,22680 Westminster Hwy,Richmond,V6V 1B7,604-519-0133,,
The Briar Patch Child Care Centre,7012 Vedder Rd,Chilliwack,V2R 4E1,604-858-2307,,
Delta Funtime Out Of School Care,9316 116 St,Delta,V4C 5W9,604-584-5452,,
Rainforest Learning Centre Inc. – Langley,5100 206 St,Langley,V3A 2E5,604-514-1566,,
Hi And Bye Daycare,411 Schoolhouse St,Coquitlam,V3K 4Y7,604-318-9469,,
Parkcrest Children's Centre,6040 Winch St,Burnaby,V5B 2L2,604-294-6224,,
Westwood Montessori,1438 Pinetree Way,Coquitlam,V3E 2T6,604-765-0966,,
Seaview Child Care Centre,14633 16 Ave,Surrey,V4A 1R4,604-536-5772,,
Chilliwack Landing Preschool,620 Wellington Ave,Chilliwack,V2P 6H7,604-792-5337,,
Rompers Preschool,5151 Granville Ave,Richmond,V7C 1E6,604-238-8497,,
Panda Bear Children's Place On Falcon,1198 Falcon Dr,Coquitlam,V3E 2M4,604-862-1302,,
Bee House Montessori Day Care I,7283 Nelson Ave,Burnaby,V5J 4C2,604-433-9769,,
Early Inquirers Preschool Ltd.,3175 Thompson Pl,West Vancouver,V7V 3E3,604-926-6836,,
Sweet Peas Cottage Creekside,250  400 Brooksbank Ave,North Vancouver,V7J 2C2,604-988-9989,,
3 Wishes Childcare Centre,22365 Callighan Ave,Maple Ridge,V2X 2E3,604-467-2941,,
Once Upon A Time... Child Care Centre Inc.,7256 Richardson Ave,Chilliwack,V2R 1H2,604-858-0148,,
Emerald Hills Montessori,1501 Bramble Lane,Coquitlam,V3E 2S7,604-942-5430,,
Emerald Hills Montessori School Age Care,2875 Panorama Dr,Coquitlam,V3E 2S7,604-942-5430,,
Kinder Kampus - Old Orchard Hall,646 Bentley Rd,Port Moody,V3H 3A3,604-417-9109,,
Evershine Childcare Centre,6939 127A St,Surrey,V3W 0V4,604-543-8686,,
Creation Station Day Care,5545 Ladner Trunk Rd,Delta,V4K 1X1,604-940-8077,,
Ranch Park Kids Place Inc.,2701 Spuraway Ave,Coquitlam,V3C 2C4,604-942-6474,,
Wesbrook Preschool,4405 8Th Ave W,Vancouver,V6R 2A3,604-816-4512,,
Cornerstone Christian Academy Preschool,7890 No. 5 Rd,Richmond,V6Y 2V2,604-303-9181,,
Creative Kids Childcare Learning Centre Inc,1144 Confederation Dr,Port Coquitlam,V3C 5Y6,604-941-6745,,
Sunflower Montessori,21150  85Th Ave,Langley,V1M 2M4,604-513-0070,,
Guildford Gardens Daycare Inc,14921 107A Ave,Surrey,V3R 1V3,604-339-7052,,
Happy Learning Child Care Centre,2201 Eighth Ave,New Westminster,V3M 2T9,604-553-4611,,
Semiahmoo Junior Kindergarten,14633 16 Ave,Surrey,V4A 1R4,778-951-3320,,
Glenayre Montessori Daycare,495 Glencoe St,Port Moody,V3H 1G6,604-937-0084,,
Maywood Neighbourhood Care,4567 Imperial St,Burnaby,V5J 1B7,604-431-0484,,
Stride Avenue Neighbourhood Care,7014 Stride Ave,Burnaby,V3N 1T4,604-527-0444,,
Treasure Island School Age Care,3883 Triumph St,Burnaby,V5C 1Y6,604-723-1837,,
Hamilton Out Of School Care,5140 Smith Dr,Richmond,V6V 2W5,604-204-8655,,
Friends And Neighbours Together,155 Finnigan St,Coquitlam,V3K 5J2,604-526-3223,,
The Learning Experience Children's Centre Ltd.,3862 Wellington St,Port Coquitlam,V3B 3Z4,604-942-5008,,
Kidzone Learning Centre South Ltd,735 Gilchrist Dr,Delta,V4M 3L4,778-701-8952,,
Smiley Faces Childcare Centre #3,204-10855 80 Ave,Delta,V4C 1W4,604-543-1488,,
St. Joseph's Church Preschool & Out Of School Care Program,20244  32Nd Ave,Langley,V2Z 2E1,604-530-4288,,
Junior Citizens Care Center,999 Noons Creek Dr,Port Moody,V3H 4N3,236-838-3404,,
Bright Beginnings Infant / Child Care,1393 Austin Ave,Coquitlam,V3K 3P6,236-888-2764,,
Little Mountain Out Of School Care (Lmosc),1300 29 Ave E,Vancouver,V5V 2T3,604-879-7104,,
Future 4 Nations Aboriginal Headstart Program - Room 146,146-34110 Lougheed Hwy,Mission,V2V 4L1,604-820-4567,,
Beyond Care,8350 11Th Ave,Burnaby,V3N 2P4,604-521-8748,,
Leigh School Daycare,1230 Soball St,Coquitlam,V3B 3H7,778-881-6475,,
Lynnmour Creative Child Care Centre,1251 Lillooet Rd,North Vancouver,V7J 3H7,604-980-1212,,
Harbour View Childcare Inc,960 Lillian St,Coquitlam,V3J 5C7,604-931-3033,,
Mountain View Group Daycare 7,740 Smith Ave,Coquitlam,V3J 4E7,604-937-3020,,
The Biggest Little Preschool & Childcare Centre,14853 60 Ave,Surrey,V3S 1R8,604-583-0635,,
Club K.I.D.S. Central - Room 129,7466 Welton St,Mission,V2V 6L4,604-820-5360,,
Club K.I.D.S. Windebank,33570 11Th Ave,Mission,V2V 6Z2,604-820-5360,,
Club Kids Hillside,33621 Best Ave,Mission,V2V 5Z3,604-820-5360,,
Club K.I.D.S Morrison,32611 mcrae Ave,Mission,V2V 2L8,604-820-5360,,
Fraserview Montessori Preschool And Kindergarten,1992 Prestwick Dr,Vancouver,V5P 2E9,604-324-4324,,
Sun And Sand Learning Centre Ltd,1-12468 82 Ave,Surrey,V3W 3E9,604-760-1495,,
Cefa Early Learning Brentwood,Lm100-4664 Lougheed Hwy,Burnaby,V5C 5T5,604-565-3333,,
Qe Clubhouse & Kids Borough,833 Salter St,New Westminster,V3M 6G8,778-237-4383,,
Daycare 7,1342 Canary Pl,Coquitlam,V3E 0E1,778-710-1717,,
White Rock Montessori Group Care,14560 North Bluff Rd,White Rock,V4B 3C9,604-355-4654,,
Early Learning Childcare Centre,103-2764 Barnet Hwy,Coquitlam,V3B 1B9,604-475-4800,,
Apple Tree Ryan Child Care,8520 Ryan Rd,Richmond,V7A 2E6,604-726-0301,,
Wonder World Play School,Unit B 11767 225 St,Maple Ridge,V2X 6E6,604-779-2273,,
Petits Genies Academy Ltd,101-4181 Hastings St,Burnaby,V5C 2J3,604-788-0901,,
Kidz R Kidz,101-3007 Glen Dr,Coquitlam,V3B 2P7,604-474-2595,,
Sing And Smile Child Care Ltd,"101,103,104,105 12057 82 Ave",Surrey,V3V 1E8,778-591-5999,,
Blueberry Field Child Care Inc. - 30 Months To School Age,3720 Broadway St,Richmond,V7E 4Y8,778-708-1751,,
Academics Prekindergarten Westwood Inc,501-1123 Westwood St,Coquitlam,V3B 0M1,604-474-2662,,
Brainbox Montessori Learning Academy,20700 56 Ave,Langley,V3A 7R8,778-957-6588,,
Sweet Bambini Montessori Ltd,15566 110 Ave,Surrey,V3R 0W7,778-688-3126,,
Starlight Child Care Centre,8547 11Th Ave,Burnaby,V3N 2P6,778-389-9669,,
Fela Play And Learn Childcare,13545 64A Ave,Surrey,V3W 9H6,604-599-5853,,
Peach Blossom Childcare Centre,1169 21St St W,North Vancouver,V7P 2C7,604-990-1261,,
Child Connect Early Learning,1305 Taylor Way,West Vancouver,V7T 2Y7,604-281-4410,,
Creative Kids Learning Centers - Willowbrook,19543 Fraser Hwy,Surrey,V3S 6K7,604-560-5002,,
Club K.I.D.S. West Heights Room 217,32065 Van Velzen Ave,Mission,V2V 2G6,604-820-5360,,
Global Montessori Tsawwassen Childcare,402 English Bluff Rd,Delta,V4M 2N2,604-562-5588,,
Polka Dot Fine Art & Education,203-800 mcbride Blvd,New Westminster,V3L 2B8,604-343-6644,,
Baker's Corner Preschool,1563 Regan Ave,Coquitlam,V3J 3B7,604-461-5848,,
Top Drawer Daycares Inc.,1044 St. Georges Ave,North Vancouver,V7L 3H6,604-828-2126,,
Academics Prekindergarten Royal City,300-628 Sixth Ave,New Westminster,V3M 6Z1,778-398-4769,,
Happy Bird Daycare,7545 18Th Ave,Burnaby,V3N 1J1,778-903-4237,,
Nurturing Hearts Montessori Daycare - Newlands,21025 48 Ave,Langley,V3A 3M3,604-533-1805,,
Little Pilots Inclusive Program,3688 Cessna Dr,Richmond,V7B 1C7,604-207-1980,,
Hyland Creek Childcare,14368 66 Ave,Surrey,V3W 2B3,604-970-5188,,
New Leaf Learning And Childcare Centre Inc.,33442 South Fraser Way,Abbotsford,V2S 2B5,604-613-1919,,
Royal Academy,425 Sixth St,New Westminster,V3L 3B1,778-388-1700,,
Octopus Academy Surrey,13639 104 Ave,Surrey,V3T 1W3,604-496-2818,,
Poco Village Early Learning Centre Ltd,2879 Shaughnessy St,Port Coquitlam,V3C 3H1,604-551-9210,,
Little Mountain Child Care Center,9601 Hamilton St,Chilliwack,V2P 3X4,604-997-8446,,
Junior Scholars - Panorama,103-14225 57 Ave,Surrey,V3X 0H6,604-767-0858,,
Caterpillar Fun House #2,11601 82 Ave,Delta,V4C 2C3,604-710-8451,,
Lingo Childcare Centre,5660 Westminster Hwy,Richmond,V7C 1C4,604-727-6758,,
Baby Smart Infant And Toddler Child Care Centre,1530 Como Lake Ave,Coquitlam,V3J 3P6,604-306-6698,,
Reach Development Preschool South Delta,5050 47 Ave,Delta,V4K 0C8,604-946-6622,,
Kids At Play Daycare,5 Deerwood Pl,Port Moody,V3H 4N2,604-374-7484,,
Meaningful Minds,10-12350 Harris Rd,Pitt Meadows,V3Y 0C5,604-460-8772,,
Jellybean Park,138B-19653 Willowbrook Dr,Langley,V2Y 1A5,604-539-9898,,
Sandcastle Park Children's Centre,7-3060 Chatham St,Richmond,V7E 6L9,604-274-8380,,
Khalsa Child Care Centre,26345 62 Ave,Langley,V4W 1L8,604-594-0553,,
Connections Kids Club - Tait,10071 Finlayson Dr,Richmond,V6X 3X4,604-271-7600,,
Brainbox Montessori Learning Academy,20688 56 Ave,Langley,V3A 3Z1,778-957-6588,,
Imago Dei Child Care,11571 Daniels Rd,Richmond,V6X 1M7,778-855-2273,,
Richmonds Best After School Program,150 11780 Hammersmith Way,Richmond,V7A 5E9,604-241-7624,,
Riverside Childcare,140-1110 Ewen Ave,New Westminster,V3M 5E4,604-354-1180,,
Jessie's Tots Educare Centre A,4871 Highlawn Dr,Burnaby,V5C 3T2,778-928-9995,,
After School Warriors Child Care Inc,22712 Dewdney Trunk Rd,Maple Ridge,V2X 3K2,604-477-1717,,
Little Cedar School Age Care - Commercial Street,3472 Commercial St,Vancouver,V5N 4E9,604-872-3303,,
Ask Or Imagine Christian Children's Center,6344 Sperling Ave,Burnaby,V5E 2V4,604-970-2625,,
"Service De Garde ""Le Petit Jardin""",2882 4Th Ave E,Vancouver,V5M 1K8,778-877-3030,,
Flying Kites Child Care Center - Wix Brown,23851 24Th Ave,Langley,V2Z 3A3,604-308-1446,,
Taniere Des Lynx,1618 Patricia Ave,Port Coquitlam,V3B 4A8,236-339-4927,,
Abc Academy-Children's Learning Center,37 8Th Ave,New Westminster,V3L 1X6,604-805-2402,,
Abc Academy - Children's Learning Center Ltd,160-401 Eighth St,New Westminster,V3M 1S7,604-805-2402,,
Noisy Monkeys French Immersion & Language Academy,110  9093 King George Blvd,Surrey,V3V 5V7,604-503-5033,,
Glowing Hearts Daycare,705 Delestre Ave,Coquitlam,V3K 2G1,604-936-9890,,
Highland Montessori Child Care,3550 Highland Dr,Coquitlam,V3E 0K2,778-998-8976,,
The Grove,3592 Mountain Highway,North Vancouver,V7K 0A2,604-984-9722,,
The Grove,3592 Mountain Hwy,North Vancouver,V7K 0A2,604-984-9722,,
The Learning Ladder Children's Centre,5-20468 Lougheed Hwy,Maple Ridge,V2X 2P8,604-460-0601,,
Citadel Childcare Centre,779 Citadel Dr,Port Coquitlam,V3C 6E4,778-859-3835,,
Play-N-Grow Childcare Centre Inc #4,13941 94A Ave,Surrey,V3V 1N3,604-782-3546,,
Mt Pleasant Neighbourhood House Kid's Peak After School Care,800 Broadway E,Vancouver,V5T 1Y1,604-879-8208,,
Fantastic Kidz Childcare,7233 Dow Ave,Burnaby,V5J 3X3,778-386-8889,,
Broadway Bilingual Daycare,6644 Broadway,Burnaby,V5B 2Y5,604-444-4706,,
Brightstart Children's Academy,101-17610 65A Ave,Surrey,V3S 5N4,416-938-8024,,
1St Step Montessori Inc - Sunbury Hall,10409 Dunlop Rd,Delta,V4C 2L1,604-417-3290,,
Curious Kids Children's Center,27233 29A Ave,Aldergrove,V4W 3J7,604-857-0194,,
Gamesters Fundamentals Inc,1189 Rochester Ave,Coquitlam,V3K 2X3,778-227-4335,,
Goodwin Academy,3- 10468 Whalley Blvd,Surrey,V3T 4H5,604-588-2074,,
Hundred Languages Childcare Inc,110-12409 Harris Rd,Pitt Meadows,V3Y 0E7,604-457-1545,,
Brockton School Junior Kindergarten,3467 Duval Rd,North Vancouver,V7J 3E8,604-929-9201,,
Fundamentals Childcare Centre Inc,12038 248 St,Maple Ridge,V4R 1J1,604-380-2455,,
Springtree Montessori School,6693 Brantford Ave,Burnaby,V5E 2R9,778-862-9399,,
Kiddyland Multiple Intelligence Children Centre,12440 Woodhead Rd,Richmond,V6V 1G3,604-668-6439,,
Cream Of The Crop Enriched Learning & Childcare Centre Ltd.,1-9718 Menzies St,Chilliwack,V2P 5Z7,604-402-2273,,
Joyful Kids Learning Centre,7600 No. 4 Rd,Richmond,V6Y 2T5,604-652-7272,,
Life Stars Child Care Corp.,1539 Angelo Ave,Port Coquitlam,V3B 1C8,604-726-9430,,
Strongsteps Children's Learning Centre,200-8912 202 St,Langley,V1M 4A7,778-960-2273,,
Happy Hearts Childcare Centre Inc,22315 Mcintosh Ave,Maple Ridge,V2X 3C2,604-479-2273,,
West Coast Early Learning Centre,2795 184 St,Surrey,V3Z 9V2,778-984-3057,,
Thrive Kids Club Vcs,3496 Mons Dr,Vancouver,V5M 3E6,604-838-2430,,
Kiwassa Out Of School Care,2425 Oxford St,Vancouver,V5K 1M7,604-254-5401,,
Newton Learning Zone Ltd,13359 81 Ave,Surrey,V3W 3C5,778-927-5437,,
Wildflower Childcare,952 Drayton St,North Vancouver,V7L 2C6,778-990-7168,,
Tiny Hoppers Early Learning Willoughby Centre,A230-20689 Willoughby Town Centre Dr,Langley,V2Y 0X7,778-705-0569,,
Symmetry Early Learning Center Inc,109-2526 Yale Crt,Abbotsford,V2S 8G9,778-682-0913,,
Debbie's Daycare On Main,10309 Main St,Delta,V4C 2P3,604-250-7117,,
Lael Academy,5467 Hardy Crt,Burnaby,V5G 0A6,778-951-1993,,
Golden Sunshine Daycare Centre,1320 Seventh Ave,New Westminster,V3M 2K1,778-223-6676,,
Little Blossom Daycare,7283 Nelson Ave,Burnaby,V5J 4C2,604-433-5155,,
Little Dolphins Daycare Ltd,107-1135 Pipeline Rd,Coquitlam,V3B 0N3,604-345-2830,,
Garderie L'ile Aux Enfants,5445 Baillie St,Vancouver,V5Z 3M6,604-736-5056,,
Bee House Montessori Day Care Ltd,283 Hart St,Coquitlam,V3K 4B1,604-817-4584,,
Inspirations Montessori School,7980 Gray Ave,Burnaby,V5J 4A1,778-889-5083,,
One Two Buckle My Shoe Childcare Inc,5660 192 St,Surrey,V3S 2V7,778-574-1230,,
Blessed Generations Academy In Royal City,501 4Th Ave,New Westminster,V3L 1S2,604-618-4767,,
Nest Early Learning,8380 Elsmore Rd,Richmond,V7C 2A1,604-644-0971,,
Forest Friends Early Learning Center,6517 Claytonhill Grove,Surrey,V3S 7N4,604-831-6073,,
Autumn Childcare Centre,45768 Hocking Ave,Chilliwack,V2P 1B4,778-552-8012,,
Toddler Town Daycare,12371 96 Ave,Surrey,V3V 1W9,604-537-7386,,
La Paz Early Learning Center,3446 147A St,Surrey,V4P 0A7,604-910-1342,,
Do-Re-Mi Kids In Learning,1483 Cadena Crt,Coquitlam,V3E 0E5,604-468-9166,,
Bright Owlets Childcare And Learning Centre,320 43Rd Ave E,Vancouver,V5W 1T3,604-225-9240,,
Maple House Infant/Toddler Daycare,6451 Williams Rd,Richmond,V7E 1K6,778-668-5077,,
Grace Montessori Daycare,7588 Cariboo Rd,Burnaby,V3N 4A9,778-986-5168,,
Community Kids School Aged Care Inc,20050 53Rd Ave,Langley,V3A 3T9,778-240-9858,,
Bright Rainbow Child Care,"Unit A,C,D - 6235 136Th St",Surrey,V3X 1H3,604-590-6771,,
Butterfly Early Learning Centre,511 San Remo Dr,Port Moody,V3H 3S6,778-928-3839,,
Alpha Bees Childcare,1157 Falcon Dr,Coquitlam,V3E 2C2,604-472-0299,,
Hope Valley Childcare Centre,104-7093 King George Blvd,Surrey,V3W 5A2,604-593-8833,,
Cefa South Delta,202 4890 Canoe Pass Way,Tsawwassen,V4M 0B1,604-382-4274,,
Peach Blossom Childcare Centre,1196 21St St W,North Vancouver,V7P 2C8,778-885-9091,,
Learn N' Play Abbotsford,100-2525 mccallum Rd,Abbotsford,V2S 3R1,604-288-8271,,
Jessie's Tots Educare Centre B,4630 Northlawn Dr,Burnaby,V5C 3S1,778-928-9995,,
Early Learning Childcare Centre,6619 Brantford Ave,Burnaby,V5E 2R9,778-898-9593,,
Urban Academy,466 Rousseau St,New Westminster,V3L 3R3,604-524-2211,,
Aim Smart Childcare Centre,7153 King George Blvd,Surrey,V3W 5A4,778-513-7153,,
Wonder Years Daycare - Aldergrove,27330 28 Ave,Aldergrove,V4W 3K1,604-612-0439,,
Outdoor Adventurers,628 15Th St E,North Vancouver,V7L 2S2,778-340-1021,,
Cefa Early Learning,243-610 Sixth St,New Westminster,V3L 3C2,778-326-2332,,
Forest City Children's Centre,5855 Imperial St,Burnaby,V5J 1G4,604-433-2324,,
Little Cactus Daycare,9311 Kirkmond Cres,Richmond,V7E 1M7,778-882-8317,,
Brilliant Kids Montessori Childcare Centre,11706 96Th Ave,Delta,V4C 3W7,604-498-2128,,
Growing Hands Childcare Centre,1188 Eighth Ave,New Westminster,V3M 2R6,778-899-1797,,
Khalsa Childcare Centre (Ksn),6933 124 St,Surrey,V3W 3W6,604-897-0954,,
Creative Kids Learning Centers - Chilliwack,200 6640 Vedder Rd,Chilliwack,V2R 4E1,604-560-5002,,
Mongio Early Learning Center,600 Royal Ave,New Westminster,V3M 1J3,604-553-8988,,
Rain Or Shine Child Care Centre,3289 Matapan Cres,Vancouver,V5M 4A9,604-258-6593,,
St. Patrick's School After School Care,2850 Quebec St,Vancouver,V5T 3A9,604-879-4411,,
Lingo Rainbow Childcare Centre,6020 Dover Rd,Richmond,V7C 3L1,604-727-6758,,
Discovery Time Day Care Centre,15115 Roper Ave,White Rock,V4B 2E8,778-828-8267,,
Little Blossom Daycare - I/T Program,7128 Nelson Ave,Burnaby,V5J 4C1,604-433-5156,,
Kids Zone Child Care Centre Ltd,1115 51A St,Delta,V4M 2Y2,604-580-6151,,
Daycare For Multiple Intelligences,17209 62A Ave,Surrey,V3S 6V6,778-871-7145,,
Milky Way Childcare Centre,9483 134 St,Surrey,V3V 5S3,778-707-0072,,
Bright Owlets Childcare And Learning Centre 2,322 E 43Rd Ave,Vancouver,V5W 1T3,604-225-9240,,
Sakura Childcare The Third,6776 Gilley Ave,Burnaby,V5H 3W9,778-858-7216,,
West Coast Early Learning Centre,201-14016 32 Ave,Surrey,V4P 2J2,778-984-3057,,
Kids Zone Child Care Centre #3,9440 120Th St,Surrey,V3V 4B9,604-765-2075,,
Little Otters Preschool,5370 248Th St,Langley,V4W 1A7,604-857-7550,,
Rainbow Angels Infant Toddler Centre,5364 Opal Pl,Richmond,V7C 5B4,604-365-8128,,
Strong Foundations Learning South Surrey,301-15336 31 Ave,Surrey,V3Z 0X2,778-688-7861,,
Little Fish Daycare,2319 17Th Ave E,Vancouver,V5N 4Y1,604-336-9730,,
Barish Child Care Out-Of-School,2835 (B) Revelstoke Ct,Vancouver,V6T 1N8,604-837-9232,,
Pacific Spirit Out-Of-School Child Care Centre,5580 Osoyoos Cres,Vancouver,V6T 1X7,604-837-9232,,
Kids Zone Child Care Centre #4,1730 142 St,Surrey,V4A 6G7,604-580-6151,,
Little Dreamers,31150 Blueridge Dr,Abbotsford,V2T 5R2,604-614-5308,,
Gummy Bears Child Care,6288 Service St,Burnaby,V5H 1V8,778-927-8133,,
Monarch Montessori School,4405 8Th Ave W,Vancouver,V6R 2A3,604-563-9511,,
Creo Kids,1253 Johnston Rd,White Rock,V4B 3Y9,604-833-4096,,
Tiger Stripes Learning Center,2451 Ross Rd,Abbotsford,V4X 1J3,778-772-6289,,
I Kids Learning Centre,6966 195 St,Surrey,V4N 5Y6,778-855-1425,,
Miller Park Kidz Clubhouse,800 Egmont Ave,Coquitlam,V3J 4J8,778-868-3017,,
Montessori Beginnings Preschool And Kindergarten,21746 Lougheed Hwy,Maple Ridge,V2X 2S1,604-466-3184,,
Play N Learn Daycare,3839 Thurston St,Burnaby,V5H 1H9,604-617-8355,,
Kids Club Child Care Centre Ltd.,46129 Princess Ave,Chilliwack,V2P 2A8,604-795-2322,,
Central Sockeye Preschool,9435 Young Rd,Chilliwack,V2P 4S7,604-792-8539,,
Chee In A Tree Childcare,938 52Nd Ave W,Vancouver,V6P 1H3,604-618-8584,,
Deer Lake Seventh-Day Adventist School,5550 Gilpin St,Burnaby,V5G 2H6,604-816-5845,,
Wisdomtree Academy,105-15210 32 Ave,Surrey,V3Z 0R8,604-385-2882,,
Urban Kids Montessori - Fleetwood,201/210 - 8645 160 St,Surrey,V4N 1G4,604-372-2111,,
Polka Dot Fine Art & Education,205-800 mcbride Blvd,New Westminster,V3L 2B8,604-343-6644,,
Pinetree Childcare Centre,19083 69A Ave,Surrey,V4N 0A5,778-321-7819,,
Simply Kids Childcare Centre,20211 66Th Ave,Langley,V2Y 0L4,604-593-2266,,
Coal Harbour Kids Care,480 Broughton St,Vancouver,V6G 3H4,604-718-8229,,
Projectkids,2465 Crown St,Vancouver,V6R 3V9,236-518-1663,,
Hope Infant Toddler Group Daycare Ii,9691 mcburney Dr,Richmond,V6Y 3C5,778-628-3783,,
Abc Academy-Children's Learning Center Ltd-Uptown New West,201-615 Eighth St,New Westminster,V3M 3S3,604-805-2402,,
Toma's Montessori Childcare,7870 6Th St,Burnaby,V3N 3N3,778-773-8507,,
Saw-Whet Out-Of-School Child Care Centre,2850 A Salmo Ct,Vancouver,V6T 1N8,604-837-9232,,
Mini Miracles Toddler Centre,913 Madore Ave,Coquitlam,V3K 3B4,778-776-2351,,
Next Level Childcare Valley Fair,200-22709 Lougheed Hwy,Maple Ridge,V2X 2V5,604-380-4060,,
Kids R Us Early Learning Center,11600 Aztec St,Richmond,V6X 1H8,604-767-0439,,
Sandpiper,5955 17A Ave,Delta,V4L 1J7,236-883-1234,,
Next Prep Academy,4838 Hastings St,Burnaby,V5C 0J7,604-653-6398,,
Silver Ridge Montessori #2,18357 67A Ave,Surrey,V3S 1E5,604-366-8570,,
Little Hugs Daycare,110-28040 Fraser Hwy,Abbotsford,V4X 0C1,604-561-0444,,
Creative Moments Childcare Centre,102-7015 128 St,Surrey,V3W 4E1,604-417-1135,,
West Bay Saplings,3175 Thompson Pl,West Vancouver,V7V 3E3,778-838-0335,,
The Otta Daycare,1255 Ottaburn Rd,West Vancouver,V7S 2J7,778-863-8963,,
Beyond Elements Childcare Ltd.,5673 200Th St,Langley,V3A 1M7,778-863-4641,,
Nsnh - Jbcc Kids' Club,145 1St St W,North Vancouver,V7L 1C4,604-723-8880,,
Seafair Education Centre,4071 Francis Rd,Richmond,V7C 1J8,778-927-7210,,
Bluebirds Early Learning Childcare Inc,22580 Lougheed Hwy,Maple Ridge,V2X 2V1,604-479-2255,,
Green Tree Montessori Children's Centre,26489 Fraser Hwy,Aldergrove,V4W 3E2,604-625-4733,,
Tiny Sprouts Daycare Ltd,2606 Kingsway Ave,Port Coquitlam,V3C 1T6,604-725-3608,,
Little Koala Montessori Academy Delta,5267 Ladner Trunk Rd,Delta,V4K 1W4,778-999-9229,,
Lift Early Learning Centre,2485 20Th Ave W,Vancouver,V6L 1G6,604-738-7880,,
"Grand Kids Care, The (Tgk)",35431 mckee Rd,Abbotsford,V3G 3E4,778-536-5423,,
Westbridge Montessori Academy Ltd.,2490 W 37Th Ave,Vancouver,V6M 1P5,778-887-1061,,
Contemporary Kids Learning Centre Inc.,2621 Montrose Ave,Abbotsford,V2S 3T5,604-839-0511,,
Just Kiddies Childcare,103-2591 Panorama Dr,Coquitlam,V3E 2Y6,604-618-9876,,
Pi Academy Child Care,3440 Jervis St,Port Coquitlam,V3B 4P3,778-688-8320,,
Beyond School Inc,6-15531 24 Ave,Surrey,V4A 2J4,604-773-7597,,
Jericho Kids' Club 2 (General Gordon Schoolhouse),2268 Bayswater St,Vancouver,V6K 4P5,604-736-4080,,
Block 8 Academy - Moody Street,110 Moody St,Port Moody,V3H 2B9,778-893-9706,,
Baby Acorns,17399 2Nd Ave,Surrey,V3S 6R9,778-871-3043,,
Little Cactus Central Daycare,6580 Bouchard Ct,Richmond,V7C 5H4,604-780-6018,,
Kidzville Learning Center - Morgan Crossing,101-2388 156 St,Surrey,V4A 4V4,604-861-7861,,
Pure Play Child Care,5824 Riverside St,Abbotsford,V4X 1V1,604-226-3714,,
Metrotown Daycare,7250 Dow Ave,Burnaby,V5J 3X4,778-872-1239,,
Rothewood Academy White Rock,106-1715 152 St,Surrey,V4A 4N3,604-710-7510,,
A & Z Daycare Ltd.,14242 61A Ave,Surrey,V3X 0E5,604-512-0289,,
Learn N' Play North Langley,2-9497 201 St,Langley,V1M 4A5,604-389-2049,,
Tulip Childcare Center,427 E Columbia St,New Westminster,V3L 3X4,604-360-5556,,
Organic Early Learning,7535 Sixth St,Burnaby,V4N 3M2,604-765-9982,,
Lil' Grownups Daycare,947 Blue Mountain St,Coquitlam,V3J 4S9,778-960-8652,,
Silver Ridge Montessori,8376 170Th St,Surrey,V4N 4V2,604-315-1085,,
Creek Angels Daycare Inc.,14006 92Nd Ave,Surrey,V3V 1J5,236-978-1424,,
Bee Yourself Childcare,20555 56Th Ave,Langley,V3A 3Y9,604-619-9711,,
Qas Out Of School Care,821 Fairfax St,Coquitlam,V3J 5K7,604-939-1741,,
The King's Early Learning Centre,21783 76B Ave,Langley,V2Y 2S5,604-888-0969,,
Little Steps Learning Centre,438 Braemar Rd E,North Vancouver,V7N 1R1,778-319-5951,,
Rainbow Angels Infant Toddler Learning Center,5353 Opal Pl,Richmond,V7C 5B4,604-365-8128,,
Little Leaders Childcare Centre,1528 mccallum Rd,Abbotsford,V2T 3W2,604-217-1404,,
"Busy Bear Club Preschool, The",37290 Kilgard,Abbotsford,V3G 2H6,604-852-1260,,
Precious Early Years Childcare,733 Thirteenth St,New Westminster,V3M 4M6,604-515-2808,,
Happyland Early Learning Centre Cineplex,F-20090 91A Ave,Langley,V1M 3Y9,778-995-6997,,
Happy Ridge Early Learning Academy,101-21755 Lougheed Hwy,Maple Ridge,V2X 2S2,604-783-3066,,
Ssocc Southlands Multi-Age Daycare,6426 Dunbar St,Vancouver,V6N 1X6,604-377-8385,,
River Run Early Care & Learning Centre,10277 River Dr,Richmond,V6X 1Z2,778-828-9930,,
River Run Early Care And Learning Centre,10277 River Dr,Richmond,V6X 1Z2,778-828-9930,,
Fundamentals Childcare Centre Inc,24093 104 Ave,Maple Ridge,V2W 1J2,604-786-4615,,
Little Peeps Learning Centre,45467 Stevenson Rd,Chilliwack,V2R 2Z6,604-798-7996,,
Kidz Adventure Learning Centre,5165 Hardwick St,Burnaby,V5G 1P8,778-773-9997,,
Small Beginnings Preschool - Little Leaders Childcare,2975 Bradner Rd,Abbotsford,V4X 1K6,604-217-1404,,
Westwood Montessori Childcare (Partington),3537 Mcvicar Crt,Coquitlam,V3E 0M6,604-765-0966,,
Newport Childcare Center,265B Newport Dr,Port Moody,V3H 5C9,604-492-3337,,
Growing With Smiles Childhood Center Ltd.,27185 Fraser Hwy,Aldergrove,V4W 3R1,236-380-3772,,
B&D Montessori Learning Academy,1-2119 152 St,Surrey,V4A 4N7,236-513-8723,,
Little Marines Training Center,211-403 North Rd,Coquitlam,V3K 3V9,604-492-0988,,
Kidscool Early Learning Centre,1116 Como Lake Ave,Coquitlam,V3J 3N8,604-767-9726,,
Cloudberries,6897 120Th St,Delta,V4E 2A8,604-431-6072,,
North Star Montessori,1325 Keith Rd E,North Vancouver,V7J 1J3,604-980-1205,,
Alexandra Neighbourhood House Children's Centre At Pacific H,17148 26 Ave,Surrey,V3Z 0A4,604-535-0015,,
Tiny Hoppers Early Learning Langley City Centre,20570 56 Ave,Langley,V3A 3Z1,778-689-7799,,
Chinook 2,2881 Acadia Rd,Vancouver,V6T 1S1,604-837-9232,,
Cefa Morgan Crossing,104-15350 Croydon Dr,Surrey,V3Z 1H4,778-241-7917,,
"Scuola D'infanzia ""L'albero Magico""",3075 Slocan St,Vancouver,V5M 3E4,604-430-3337,,
Delbrook Wonderland Academy,120-3721 Delbrook Ave,North Vancouver,V7N 3Z4,778-340-9595,,
Busy Bee Montessori Children's House,5749 Elsom Ave,Burnaby,V5H 2Z8,604-603-5687,,
Sunset Preschool,6810 Main St,Vancouver,V5X 0A1,604-718-6512,,
We Care Childcare - Children's Learning Centre,602 12Th St,New Westminster,V3M 4J2,604-553-4064,,
Block 8 Academy - 106 Moody Street,106 Moody St,Port Moody,V3H 2B9,778-893-9706,,
Lift Early Learning Centre,4069 40Th Ave W,Vancouver,V6N 3B9,778-952-6808,,
Lord Tennyson Out Of School Care,2650 Maple St,Vancouver,V6J 2B2,604-733-5111,,
Little Valley 123 Childcare Centre Ltd,49190 Chilliwack Central Rd,Chilliwack,V2P 6H3,778-882-1360,,
Dreamkids Childcare Ltd. (Dream Location),201A-1194 Lansdowne Dr,Coquitlam,V3E 1J7,604-809-1823,,
Little Dino Childcare Centre,7929 19Th Ave,Burnaby,V3N 1E9,236-428-8878,,
Kiddos Clubhouse Daycare,2225 Clarke St,Port Moody,V3H 1Y6,778-302-1932,,
Woodward Hill - School Age,6082 142Nd St,Surrey,V3X 1C1,778-846-0921,,
Edgewood Elementary School,16666 23Rd Ave,Surrey,V3S 9X8,604-590-7801,,
Next Level Childcare Fraser Valley Inc.,2699 West Railway St,Abbotsford,V2S 2E7,604-380-4060,,
Douglas Out Of School Care Program,17325 2Nd Ave,Surrey,V3S 9P9,604-434-9101,,
Junior Einstein's Academy (Gateway) Ltd,13486 108Th Ave,Surrey,V3T 2K3,604-441-8781,,
Inspiring Minds Childcare,Unit K 5825 136Th St,Surrey,V3X 1J2,604-968-3888,,
Heartland Montessori Child Care,249 Dawe St,New Westminster,V3M 5N1,604-715-0050,,
Angel Wings Daycare Center,7444 Edmonds St,Burnaby,V3N 1A8,604-551-6090,,
Shreya Academic Centre Ltd.,3180 Crown Crt,Abbotsford,V2T 4J8,604-832-1880,,
Language Arts Early Learning,8695 10Th Ave,Burnaby,V3N 2S9,236-251-6951,,
Fun Zone Childcare,8358 133A St,Surrey,V3W 9E3,778-889-0023,,
Tiny Hoppers Early Learning Queensborough,F120 - 805 Boyd St,New Westminster,V3M 5G7,604-873-3921,,
Maddaugh Elementary Osc,19405 76Th Ave,Surrey,V4N 6C6,604-598-7987,,
Cefa - Langley City Centre,20121 Willowbrook Dr,Langley,V3A 5E6,604-306-1415,,
Riverside Childcare Centre 2 Ltd,2120 Salisbury Ave,Port Coquitlam,V3B 1Y1,604-354-1180,,
Tiny Scholars Inc.,100-2121 Clearbrook Rd,Abbotsford,V2T 4H6,604-744-0362,,
Tiny Hoppers South Surrey,15045 32Nd Ave,Surrey,V4P 0A2,604-385-6500,,
Creative Moments Childcare Centre,20178 72Nd Ave,Langley,V2Y 1S5,604-417-1135,,
Capitol Hill Children's Centre,5750 Pandora St,Burnaby,V5B 3V1,778-727-1310,,
New Leaf Learning And Childcare Centre,#100 - 31838 South Fraser Way,Abbotsford,V2T 1V3,604-613-1919,,
Canstone Ackroyd Daycare,8600 Ackroyd Rd,Richmond,V6X 3G1,604-279-1966,,
Bright Owlets Childcare And Learning Centre 3,985 E 39Th Ave,Vancouver,V5W 1K7,604-225-9240,,
P-Wee Early Learning Centre,4001 Hastings St,Burnaby,V5C 2J1,778-846-8666,,
Cefa Lions Gate,1721 Lions Gate Lane,North Vancouver,V7P 0C7,778-340-9525,,
Alphabetz Daycare,7929 120Th St,Delta,V4C 6P6,604-597-0398,,
Grandview Montessori School,16530 21A Ave,Surrey,V3Z 0V7,778-300-9753,,
Bright Butterfly Child Care Centre Ltd,12149 Harris Rd,Pitt Meadows,V3Y 2E6,778-928-3839,,
Cefa Early Learning Surrey - Nordel,200-8820 120 St,Surrey,V3V 0C9,778-368-7608,,
Discovery Time School Age Care,1568 George St,White Rock,V4B 3E8,778-828-8267,,
Blessed Generations Academy - Westwood Coquitlam,1294 Johnson St,Coquitlam,V3B 4T5,604-618-4767,,
Little Smiles Daycare Corp - 1,8546 144Th St,Surrey,V3W 5T7,604-722-6364,,
Playbox Childcare Centre Ltd,103&104-18733 52 Ave,Surrey,V3S 8E5,604-754-3799,,
Flying Fish Childcare Centre Inc.,953 13Th St E,North Vancouver,V7L 2N1,604-880-3822,,
Children's Reef Learning Center Ltd.,3722 Frances St,Burnaby,V5C 2N8,778-837-4672,,
Brainbridge Bilingual Education & Fine Arts Centre,2295 E 61,Vancouver,V5P 2K5,604-322-6830,,
Brainbridge Bilingual Education And Fine Arts Centre,2295 E 61,Vancouver,V5P 2K5,604-322-6830,,
Universal Kidz Montessori Childcare,5615 177B St,Surrey,V3S 4H9,604-372-3556,,
Lift Early Learning Centre,7768 Heather St,Vancouver,V6P 3R4,778-952-6808,,
Kiwassa In Norah Davis (Kind) Out Of School Care,2320 Franklin St,Vancouver,V5L 1S1,604-671-8435,,
Iplay Childcare,14012 103 Ave,Surrey,V3T 1S2,778-384-7362,,
Enjoy Learning Childcare,10454 Tamarack Cres,Maple Ridge,V2W 1B5,604-380-1906,,
Five Talents Childcare Center Ltd.,8500 Calder Rd,Richmond,V7C 3P2,778-968-1978,,
Service De Garde La Marelle,590 65Th Ave W,Vancouver,V6P 2P8,604-999-6914,,
Strathcona Montessori Group Child Care,377 Keefer St,Vancouver,V6A 0E4,604-569-2169,,
Olive Grove Oceanside,300-758 Harbourside Dr,North Vancouver,V7P 3R7,778-340-9330,,
Blue Spruce Montessori Childrens House,3302 25Th Ave E,Vancouver,V5R 1J8,604-375-4953,,
Starlight Child Care Centre,8486 16Th Ave,Burnaby,V3N 1S3,778-389-9669,,
Junior Einstein's Academy,10787 128 St,Surrey,V3T 3A2,604-719-1171,,
Fleetwood Early Learning Center,101&102-8431 160 St,Surrey,V4N 0V6,778-951-3352,,
Taylin Child Care - Fort Langley,9160 Church St,Langley,V1M 2R6,604-349-4066,,
Cefa Early Learning Abbotsford – Highstreet,3122 Mt Lehman Rd,Abbotsford,V2T 0C5,604-425-3800,,
Hollyburn Elementary Seamless Day Before And After School,1329 Duchess Ave,West Vancouver,V7T 1H5,604-981-1220,,
Bright Horizons Children’S Early Learning Center,5-1835 56 St,Delta,V4L 2B4,604-783-4462,,
Kids Canvas Childcare,7221 198B St,Langley,V2Y 1R9,604-767-5558,,
Growing Kids Childcare Centre - Morgan Crossing,16756 19 Ave,Surrey,V3Z 1A2,778-318-8142,,
Chilliwack Childrens Academy,101-5658 Vedder Rd,Chilliwack,V2R 3M9,778-882-1360,,
Delta Daycare Inc,7675 116A St,Delta,V4C 5Y3,778-558-8680,,
Secret Heart Academy,110&112-5769 201A St,Langley,V3A 8H9,604-427-1166,,
Stay 'N' Play Group Daycare,100-3310 Coast Meridian Rd,Port Coquitlam,V3B 3N5,778-285-5450,,
Don Moore Childcare,3392 Don Moore Dr,Coquitlam,V3E 0C5,604-500-0740,,
Kidz Adventure Learning Centre (Parkcrest),6138 Parkcrest Dr,Burnaby,V5B 2S9,778-872-3992,,
First Steps Preschool,1988 56 St,Delta,V4L 2B1,604-943-8244,,
Sprouts Early Learning,5300 44Th Ave,Delta,V4K 1C7,604-649-3675,,
Qayqayt Seamless Day,85 Merivale St,New Westminster,V3L 0G2,604-220-4481,,
The Giving Tree Child Care Center,311-15336 31 Ave,Surrey,V3Z 3W4,778-980-0086,,
Gummy Bears Child Care,6719 Brantford Ave,Burnaby,V5E 2R9,778-927-8133,,
Young Academics Club Early Learning Ltd,45846 Wellington Ave,Chilliwack,V2P 2C9,604-354-8797,,
Natura Montessori Academy,103-3010 152 St,Surrey,V4P 3N7,604-596-0547,,
Maple Treasure Children's Learning Centre Ltd,12081 201 St,Maple Ridge,V2X 3M3,778-839-6757,,
Willington Daycare,14693 108 Ave,Surrey,V3R 1V9,437-324-2625,,
Honey Bees Studio Daycare,7854 6Th St,Burnaby,V3N 3N3,604-527-6760,,
Watson Childcare Centre,45345 Watson Rd,Chilliwack,V2R 2H5,604-613-1148,,
St. Ann's Parish Daycare,33333 Mayfair Ave,Abbotsford,V2S 1P4,604-852-5602,,
Aristokids Center,46077 Victoria Ave,Chilliwack,V2P 2V1,778-358-9090,,
Toddler Kingdom Childcare 01,6754 142 St,Surrey,V3W 5M7,778-714-9800,,
Seksik Early Care And Learning Centre,570 Cordova St E,Vancouver,V6A 1L7,604-834-0220,,
Seksik Early Care And Learning Centre,570 E. Cordova Street,Vancouver,V6A 1L7,604-834-0220,,
Goodwin Academy Childcare,1-10468 Whalley Blvd,Surrey,V3T 4H5,604-518-7531,,
Wonderworld Montessori Academy-Metrotown,6390 Silver Ave,Burnaby,V5H 0E1,604-612-4254,,
The Backyard Daycare,2983 Palm Cres,Abbotsford,V2T 2G5,604-897-6927,,
Momentos De Ninos Childcare Ltd,5875 mckee St,Burnaby,V5J 2V4,778-865-9183,,
Valley Pine Learning Centre Inc,100-2485 West Railway St,Abbotsford,V2S 2E5,604-864-6424,,
Pebbles And Piaget Early Learning Walnut Grove,9451 202Nd St,Langley,V1M 3Y9,778-919-3797,,
Global Montessori Centre,8860 Hudson St,Vancouver,V6P 4N2,604-558-1150,,
Marlbrough Neighbourhood Care,5151 Sanders St,Burnaby,V5H 1T1,604-431-0400,,
Little Wonderland Childcare,7767 12Th Ave,Burnaby,V3N 2K6,778-885-9386,,
Lift Early Learning Centre,1518 W 68Th Ave,Vancouver,V6P 2V3,778-952-6808,,
Goodwin Academy Infant Toddler,13640 Grosvenor Rd,Surrey,V3R 5C9,604-518-7531,,
Goodwin Academy Early Learning Centre,13642 Grosvenor Rd,Surrey,V3R 5C9,604-518-7531,,
Kids Zone Child Care Centre - Bradner Elementary,5291 Bradner Rd,Abbotsford,V4X 2P5,778-239-2075,,
Pure Play Child Care Shaughnessy,6108-2850 Shaughnessy St,Port Coquitlam,V3C 6K5,604-854-0327,,
Garden House Infant And Toddlers Center Ltd.,529 13Th St E,North Vancouver,V7L 2M3,778-325-1016,,
Polka Dot Fine Art & Education,300-5761 Marine Way,Burnaby,V5J 0A6,604-724-4328,,
Cherub's Inn Daycare,8469 Cedar St,Mission,V4S 1A1,778-255-7699,,
Thrive Childcare Inc.,9800 mcnaught Rd,Chilliwack,V2P 6G2,604-819-0708,,
Fun Planet Childcare And Learning Centre,3540 Mahon Ave,North Vancouver,V7N 3T6,604-767-3512,,
Kings And Queens Child Care Centre Inc.,13508 106 Ave,Surrey,V3T 2C5,778-394-1291,,
Kids Learning Center,2797 50Th Ave E,Vancouver,V5S 1N6,778-628-3243,,
Captain Alpha Childcare,4304 Parker St,Burnaby,V5C 3C5,778-888-8132,,
Reach Developmental Preschool North Delta,11415 84Th Ave Delta,Delta,V4C 2L9,604-946-6622,,
Mulberry Tree Infant And Toddler Childcare,3784 Frances St,Burnaby,V5C 2N8,604-428-1733,,
Fundamentals Childcare Centre Inc,12030 Blakely Rd,Pitt Meadows,V3Y 1J6,778-670-6630,,
Little Cube Montessori Preschool & Kindergarten,106-3242 Westwood St,Port Coquitlam,V3C 3L8,604-475-0410,,
Red Apple Day Care Centre,32354 Marshall Rd,Abbotsford,V2T 1A4,778-669-0268,,
Little Lions Childcare,103-2955 Immel St,Abbotsford,V2S 7E2,778-347-0553,,
Kids Kingdom Early Learning Centre Ltd,106-2276 Clearbrook Rd,Abbotsford,V2T 2X5,778-956-9707,,
Twig +Owl/ Trillium,1321 Emerson Way,North Vancouver,V7H 2B7,604-929-5371,,
Little People's Community Preschool,2733 W 41St Ave,Vancouver,V6N 3C5,604-261-2219,,
Play And Learn Childcare Centre,4425 Saratoga Ct,Burnaby,V5H 1C8,604-258-9727,,
Kids Academy (2610),2610 St Johns St,Port Moody,V3H 3B6,604-353-3830,,
Bright Rainbow Child Care,B & C - 6225 136Th St,Surrey,V3X 1H3,604-590-6771,,
Goldstone Childcare Centres Inc,19160 70Th Ave,Surrey,V4N 5W6,604-729-0543,,
Happyland Infant And Toddler Daycare,6295 Broadway,Burnaby,V5B 2Y4,778-883-9030,,
Petite Girafe Montessori Academy,15977 28 Ave,Surrey,V3Z 0E5,604-385-5808,,
Baby To Superstar Daycare,2936 Valleyvista Dr,Coquitlam,V3E 2P4,604-518-9355,,
Power House Junior Kindergarten Ltd.,A - 7035 120Th St,Delta,V4E 2A9,604-417-0128,,
Ready Montessori Daycare,8060 Corless Pl,Richmond,V7C 4X4,778-803-9191,,
Creative Trails Preschool,20285 Dewdney Trunk Rd,Maple Ridge,V2X 3C9,604-861-9198,,
Launchpad Early Learning Centre,2813 Glen Dr,Coquitlam,V3B 2P6,778-320-8183,,
Fraserhood Childcare Centre,4585 Prince Albert St,Vancouver,V5V 4K3,604-724-6818,,
Kidsfirst Early Childhood Centre,27871 113 Ave,Maple Ridge,V2W 1M9,778-919-3558,,
Just B4 Dormick Park Elementary,32161 Dormick Ave,Abbotsford,V2T 1J6,604-864-5437,,
The Patch Kids Place Inc.,5370 248 St,Aldergrove,V4W 1A7,604-626-4547,,
Evans Childcare Center,7434 Evans Rd,Chilliwack,V2R 1L2,778-323-3100,,
A & B Learning Daycare,4605 Grassmere St,Burnaby,V5G 2N8,778-995-2628,,
Le Soleil Montessori Infant Community Ltd.,5398 Nanaimo St,Vancouver,V5P 4J4,778-689-4608,,
Rjds Early Learning Centre - Gan Aleph,8760 No. 5 Rd,Richmond,V6Y 2V4,604-275-3393,,
Rjds Early Learning Centre - Gan Bet,8760 No. 5 Rd,Richmond,V6Y 2V4,604-275-3393,,
Rjds After School Care,8760 No. 5 Rd,Richmond,V6Y 2V4,604-275-3393,,
Headstart Childcare Inc.,21020 83 Ave,Langley,V2Y 0K8,604-888-0662,,
Xland Montessori Learning Center,4492 Arbutus St,Vancouver,V6J 4A2,778-869-8583,,
Kids Zone Child Care Centre #5,9341 126 St,Surrey,V3V 5C4,778-239-2075,,
Marlborough Early Years Care,6051 Royal Oak Ave,Burnaby,V5H 1R5,604-431-0400,,
Alexandra Neighbourhood House Children's Centre At Hillcrest,18599 65 Ave,Surrey,V3S 8T2,604-535-0015,,
Alexandra Neighbourhood House Children's Centre At Rosemary,15516 36 Ave,Surrey,V3Z 0J5,604-535-0015,,
Central Elementary Seamless Day,9435 Young Rd,Chilliwack,V2P 2P9,604-614-6263,,
Lululala Child Care,1663 Mcpherson Dr,Port Coquitlam,V3C 6C9,236-516-0026,,
Irwin Park Elementary Seamless Day Before And After School,2455 Haywood Ave,West Vancouver,V7V 1Y2,604-981-1240,,
Saints And Angels Preschool,1405 Como Lake Ave,Coquitlam,V3J 3P4,604-868-9117,,
Godson Early Learning Program,33130 Bevan Ave,Abbotsford,V2S 1T6,604-864-5437,,
Rainbow Home Child Care,16597 20 Ave,Surrey,V3Z 1B9,639-590-3153,,
G.N. Sikh Preschool,7050 120 St,Surrey,V3W 3M8,778-876-6000,,
Plateau Montessori Childcare,3285 Plateau Blvd,Coquitlam,V3E 3B8,604-916-9592,,
Burnaby Montessori School Ltd,5489 Kingsway,Burnaby,V5H 2G1,604-558-1661,,
Little Stars Daycare Centre,7760 Lawrence Dr,Burnaby,V5A 3M9,604-367-3696,,
Kidikare Early Learning Centre,1112 Kings Ave,West Vancouver,V7T 2C3,604-364-9848,,
Imagination Station Childcare Centre-Silverdale Crossing,29560 Lougheed Hwy,Mission,V4S 1H7,604-287-7009,,
The Preschool Next Door,201-22712 Dewdney Trunk Rd,Maple Ridge,V2X 3K2,778-908-6931,,
Little Caterpillars Childcare Inc,5137 Tolmie Rd,Abbotsford,V3G 2V4,604-799-7749,,
Barney Group Daycare,2905 Walton Ave,Coquitlam,V3B 2W4,778-834-9771,,
Shining Smile,W 21St-2325 21St Ave W,Vancouver,V6L 1J6,778-855-7855,,
Tsawwassen First Nation Youth Centre,2300 Falcon Way,Tsawwassen,V4M 4G2,604-790-7760,,
Union Gospel Mission - Eastsiders Out Of School Care,616 Cordova St E,Vancouver,V6A 1L9,604-253-4044,,
St. Casimir's Before And After School Program,1303 E 27Th Ave,Vancouver,V5V 2L9,604-876-1156,,
Chris' Home Daycare,7110 Maureen Cres,Burnaby,V5A 1H4,604-363-4669,,
Smiley Daycare,77 Malta Pl,Vancouver,V5M 4C4,604-416-5050,,
Pemberton Heights Saplings,1390 W 22Nd St,North Vancouver,V7P 2G4,226-978-5527,,
Elfi First School,10727 Delsom Cres,Delta,V4C 0A8,604-998-7980,,
Kiddie Club Infant Toddler Childcare,6177 Leibly Ave,Burnaby,V5E 3C7,778-863-8811,,
Starlight Child Care Centre,728 Colborne St,New Westminster,V3L 2E2,778-389-9669,,
Friendz At Five Corners,21562 Old Yale Rd,Langley,V3A 4M8,604-788-2892,,
Kids Learning Center - Nanaimo St,7067 Nanaimo St,Vancouver,V5P 4M1,778-628-3243,,
Wibble Wobble Childcare - Clearbrook,2137 Beaver St,Abbotsford,V2T 3C7,778-955-3030,,
Little Bubz Daycare Inc,11689 99A Ave,Surrey,V3V 7K5,778-792-2884,,
Willoughby Early Learning Daycare Corp.,21155 80A Ave,Langley,V2Y 0K3,604-779-1783,,
Ic Early Learning Center,6336 Royal Oak Ave,Burnaby,V5H 3N7,604-500-5559,,
Junior Scholars - Sullivan,101-15385 56 Ave,Surrey,V3S 0X9,604-372-0213,,
Quality Time Childcare Centre Inc.,2865 Cruickshank St,Abbotsford,V2T 5E7,778-551-3099,,
Kin Outdoor Learning Centre,1614 184 St,Surrey,V3Z 9V2,778-954-8205,,
Little Dreamers Childcare Ltd.,#140 - #150 - 3720 Townline Rd,Abbotsford,V2T 5W8,604-614-5308,,
Moberly Childcare Centre,1052 61St Ave E,Vancouver,V5X 2C4,778-895-3185,,
Alexandra Neighbourhood House Children's Centre At Sunnyside,2828 159 St,Surrey,V3Z 0E5,779-239-2514,,
Alexandra Neighbourhood House Children's Centre @ White Rock,1273 Fir St,White Rock,V4B 5A6,778-239-2514,,
Leap Forward Out Of School Care,9240 112Th St,Delta,V4C 4X8,236-978-8141,,
Just B4 Queensborough,833 Salter St,New Westminster,V3M 6G8,604-517-6398,,
Little Leaders Childcare Centre,2760 Emerson St,Abbotsford,V2T 3J6,604-217-1404,,
Creative Beginnings Child Care Center,6878 142 St,Surrey,V3W 5M9,778-565-1291,,
Smile N Grow Day Care Inc.,9474 153Rd St,Surrey,V3R 9C7,604-649-9769,,
Little Beginners Childcare Centre Ltd,45840 Yale Rd,Chilliwack,V2P 2N8,604-751-0973,,
Amazing Kidz Childcare,3780 Lozells Ave,Burnaby,V5A 2Z1,236-863-1758,,
Early Steps,4890 Hastings St,Burnaby,V5C 2K9,604-862-6980,,
Newton Recreation Centre,13730 72Nd Ave,Surrey,V3W 2P4,604-501-5530,,
Galaxy Daycare Centre Ltd,8187 Woodlake Crt,Burnaby,V5A 3P3,604-218-4961,,
Skwo:Wech Children's Center,331 Richmond St,New Westminster,V3L 4B7,604-562-5092,,
Jericho Kids' Club 1 (Bayview),3505 7Th Ave W,Vancouver,V6R 0E9,604-736-4080,,
Taylin Child Care South Surrey,2350 148Th St,Surrey,V4A 4M7,604-349-4066,,
Kids Canvas Childcare (Surrey),9243 152Nd St,Surrey,V3R 4G1,778-926-5707,,
Lynn Early Learning Centre,3504 Chandler St,Coquitlam,V3E 0K2,604-902-7905,,
Glow And Grow Children's Centre,705 Blythwood Dr,North Vancouver,V7N 2W8,604-396-1851,,
Edgewood Park Child Care Centre,16736 22A Ave,Surrey,V3Z 0M7,778-319-6866,,
Happy Smile Childcare Centre,7615 17Th Ave,Burnaby,V3N 1L6,778-697-0998,,
H&S Daycare Ltd,21467 Dewdney Trunk Rd,Maple Ridge,V2X 3G5,604-561-9615,,
Lfas Care Center,9096 Trattle St,Langley,V1M 2S3,604-880-7297,,
Tiny Forest Childcare,1851 Salisbury Ave,Port Coquitlam,V3B 1X6,604-445-8840,,
Treetops Montessori,1525 Taylor Way,West Vancouver,V7S 1N5,604-925-2414,,
Tree House Infant And Toddler Daycare,6897 Sussex Ave,Burnaby,V5J 3V1,778-387-8009,,
Skowkale S'iwesa:Ylhem Childcare Centre,46337 Smokehouse Rd,Chilliwack,V4Z 1A2,604-703-3766,,
Smart Kids Learning Centre Inc,13632 108 Ave,Surrey,V3T 2K5,778-865-9816,,
Sunflower Daycare,885 Baker St,Coquitlam,V3J 6W9,604-618-9739,,
Cyrus Childcare Centre,14672 108A Ave,Surrey,V3R 1W7,604-500-6291,,
The Alex Early Care And Learning Centre,100-3235 Flint St,Port Coquitlam,V3B 4J7,778-828-9930,,
Blueberry Field Child Care Inc.,3720 Broadway St,Richmond,V7E 4Y8,778-708-1751,,
Little Montessorians,719 Carleton Ave,Burnaby,V5C 4V1,778-898-0860,,
Walnut Road Elementary - Seamless Day,16152 82 Ave,Surrey,V4N 0N5,604-595-5164,,
Bayview Community Preschool,3505 W 7Th Ave,Vancouver,V6R 3L1,236-996-9098,,
Crescent Heights Academy Child Care-Cloverdale,17465 60 Ave,Surrey,V3S 1T9,604-427-2282,,
Crescent Heights Academy Child Care-Clayton,19533 64 Ave,Surrey,V3S 4J3,604-427-2282,,
Corpus Christi Child Care Centre,2362 Waverley Ave,Vancouver,V5P 4K5,604-321-1117,,
Pango Childcare Group Inc,Unit A - 1393 Gabriola Dr,Coquitlam,V3E 2H3,604-366-0987,,
Little Neighbourhood Childcare,7566 Mary Ave,Burnaby,V3N 3G5,778-385-1025,,
Mamacare Daycare Ltd,#2 - 8555 120Th St,Delta,V4C 6R2,778-201-2110,,
Sandbox Early Learning (Cedar Hills),9648 128Th St,Surrey,V3T 2X9,778-808-8196,,
Blessed Generations Academy - Maple Ridge,22311 119 Ave,Maple Ridge,V2X 2Z2,604-618-4767,,
Moberly Childcare Centre Inc. Prince Albert,7751 Prince Albert St,Vancouver,V5X 3Z5,778-895-3185,,
Meridian Centre,2040 150Th St,Surrey,V4A 8G1,604-592-7031,,
Fairfield Island Daycare,46265 Hope River Rd,Chilliwack,V2P 3P3,604-798-6826,,
E2 Childcare,4642 Irmin St,Burnaby,V5J 1X9,604-658-0792,,
Hope Group Daycare Center,8328 Aspin Dr,Richmond,V6Y 3B9,778-628-3783,,
Eco Kids Care Inc.,6381 Mt Lehman Rd,Abbotsford,V4X 2G5,778-549-6766,,
Toddler Kingdom Childcare 02,13826 66 Ave,Surrey,V3W 9L5,778-714-9800,,
Robertson Elementary Just B4 Preschool & School Age Care,46106 Southlands Cres,Chilliwack,V2P 1B1,604-614-6263,,
Vedder Elementary Just B4 Preschool & School Age Care,45850 Promontory Rd,Chilliwack,V2R 5Z5,604-614-6263,,
Bear Cubs Childcare,3530 Colter Crt,Burnaby,V5A 2Y6,778-898-6338,,
Brainbridge After School Care Centre,2295 61St Ave E,Vancouver,V5P 2K5,604-322-6830,,
Kid Spot Surrey,102-17720 57 Ave,Surrey,V3S 1H2,778-829-9051,,
Little Birds Academy Ltd.,20257 Fraser Hwy,Langley,V3A 4E7,778-394-3210,,
Burnaby Lakeview Daycare,7020 Sperling Ave,Burnaby,V5E 2W3,778-990-3981,,
First Step Centre Ltd,1101 26Th St W,North Vancouver,V7R 1A4,604-988-8160,,
The Otta Daycare,1308 W 48Th Ave,Vancouver,V6M 2N9,778-863-8963,,
Little Semlin Montessori,2017 1St Ave E,Vancouver,V5N 1B6,604-620-9166,,
Coronation Kids Care (Mountain Meadows Elementary),999 Noons Creek Dr,Port Moody,V3H 4N3,236-838-3404,,
Kids Zone-Sema:Th,36321 Vye Rd,Abbotsford,V3G 1Z5,778-239-2075,,
Kids View Studio,4610 Northlawn Dr,Burnaby,V5C 3S1,604-629-3555,,
Arise & Shine Christian Learning Centre,3471 Clearbrook Rd,Abbotsford,V2T 5N1,778-751-6395,,
Crescendo Childcare Centre,4663 Hastings St,Burnaby,V5C 2K6,604-808-7623,,
Edgewood Home After School,16715 22A Ave,Surrey,V3Z 0M7,778-683-3166,,
Ic Early Learning Center (Metrotown),4721 Sardis St,Burnaby,V5H 1L4,604-500-5559,,
Stride Early Years Care,7051 14Th Ave,Burnaby,V3N 1Z3,604-431-0400,,
Our Lady Of Sorrows Childcare (Gcc - School Age),575 Slocan St,Vancouver,V5K 3X5,604-253-2434,,
Cookie Monster Preschool-Timms,20399 Douglas Cres,Langley,V3A 4B3,604-514-2865,,
Ssocc Sandpiper Junior Kindergarten,10111 Fourth Ave,Richmond,V7E 1V5,604-362-7928,,
A+ Learning Center,104-3278 Westwood St,Port Coquitlam,V3C 3L8,604-474-5629,,
Midtown Childcare & Learning Center - Sardis,45255 Keith Wilson Rd,Chilliwack,V2R 5S1,604-832-2895,,
Jasmine Childcare Centre,2558 Jasmine Crt,Coquitlam,V3E 2G5,778-918-0965,,
Mamacare Daycare - Chilliwack,3-45676 Yale Rd,Chilliwack,V2P 2N3,778-201-2110,,
Community Prekindergarten - White Rock,201-1493 Foster St,White Rock,V4B 0C4,604-385-0980,,
Jasmin’S Childcare Center,2504 Swinburne Ave,North Vancouver,V7H 1L5,604-783-6229,,
Little Kinlings,20243 43 Ave,Langley,V3A 3B9,778-954-8205,,
Lena Shaw Elementary - Just B4,14250 100A Ave,Surrey,V3T 1K8,604-595-5164,,
My Sunshine Childcare,12450 232 St,Maple Ridge,V2X 1R6,778-928-8548,,
Raja Montessori Academy Ltd.,107-10928 132 St,Surrey,V3T 0R3,780-938-6758,,
Inspirations Montessori School - Irmin,5232 Irmin St,Burnaby,V5J 1Y7,778-889-5083,,
La Paz Early Learning Center Inc,6525 177B St,Surrey,V3S 4J7,604-910-1342,,
Chantrell Creek Out Of School Care Program,2575 137Th St,Surrey,V4P 2K5,604-434-9101,,
Just Kiddies Childcare,20644 Dewdney Trunk Rd,Maple Ridge,V2X 3E5,604-618-9876,,
Cefa Captain's Cove,106-5519 Admiral Way,Delta,V4K 0C4,604-716-2512,,
Learning Lab Kids Club,2255 Fraser Ave,Port Coquitlam,V3B 6G8,778-847-4295,,
Top Tier School Age Care,21713 50 Ave,Langley,V3A 3T2,604-612-1593,,
Bee Yourself Childcare Junior,20609 Logan Ave,Langley,V3A 7R3,604-619-9711,,
Spencer's Lane,605 Second St,New Westminster,V3L 5R9,236-881-2361,,
Starseeds Childcare,3904 St. Marys Ave,North Vancouver,V7N 1Y3,604-753-9901,,
Lavender Forest Child Care Center,979 Crystal Crt,Coquitlam,V3C 5X5,778-875-1551,,
Kanaka Active Kids Club,11120 234A St,Maple Ridge,V2W 1C8,604-467-7478,,
Secret Heart Academy Aldergrove,27595 Fraser Hwy,Aldergrove,V4W 3P9,778-385-4034,,
Little Kangaroos Early Learning Centre Ltd.,15114 82 Ave,Surrey,V3S 8M6,604-807-2784,,
Laugh And Learn Children Branch Ii,9362 William St,Chilliwack,V2P 5E1,778-704-8407,,
All Bright Early Learning Center,706 Linton St,Coquitlam,V3J 6K5,778-316-5360,,
The Learning Tree Daycare,14250 61A Ave,Surrey,V3X 0E5,778-714-9800,,
Hazelwood Early Learning Centre,1265 Citadel Dr,Port Coquitlam,V3C 5X6,778-899-5454,,
Illumine Learning Centre - Langley,20901 83 Ave,Langley,V2Y 0W8,604-318-9101,,
"Learning Circle mccallum Tower, The",2151 mccallum Rd,Abbotsford,V2S 3N8,604-870-1395,,
Mom's Pride Childcare Centre,7328 Dunvegan Crt,Burnaby,V5A 3R5,604-374-3688,,
Valley Pine Learning Centre,33264 Old Yale Rd,Abbotsford,V2S 2J5,604-866-9909,,
Champion Kids Learning Centre Inc,20525 Fraser Hwy,Langley,V3A 4G3,778-321-8624,,
Little Kingdom Childcare Mission Downtown,33365 1St Ave,Mission,V2V 1G9,778-384-3742,,
Little Garden Montessori Center,22315 Selkirk Ave,Maple Ridge,V2X 2X6,604-466-5728,,
Petite Academy Inc.,632 Carnarvon St,New Westminster,V3M 1E5,778-773-5695,,
Sakura Childcare The Annex,3893 Hurst St,Burnaby,V5J 1M4,604-657-7310,,
Baby Club Childcare,7538 Tyndale Cres,Burnaby,V5A 4K1,778-302-6919,,
Love-Care Child Care Centre,504 Saville Crescent,North Vancouver,V7N 3B1,604-720-9009,,
Opus Daycare - Brentwood,1562 Taralawn Crt,Burnaby,V5B 3H3,604-727-5057,,
Opus Daycare - Nelson,8358 Nelson Ave,Burnaby,V5J 4E5,604-727-5057,,
Kidsrus Early Learning Center,3261 54Th Ave E,Vancouver,V5S 1Z2,604-767-0439,,
First Adventures Child Care Center,7515 185 St,Surrey,V4N 6C2,778-387-8145,,
Sprouts Child Care Centre,3368 Carscallen Rd,Richmond,V6X 0T6,236-880-7605,,
Royal Academy,3695 Moscrop St,Vancouver,V5R 4E9,778-322-0288,,
Ic Early Learning Center (Nelson),5989 Nelson Ave,Burnaby,V5H 2H8,604-719-1111,,
Wundoroo Academy Maple Ridge,12512 230Th St,Maple Ridge,V2X 0X2,778-886-0393,,
Elite Montessori Academy Blenheim Group Care,4720 Blenheim St,Vancouver,V6L 3A6,604-420-9622,,
Dover Learning Center,21816 Dover Rd,Maple Ridge,V2X 7V7,604-551-3401,,
Sunny Town Childcare North,1631 56 St,Delta,V4L 2B2,778-999-1015,,
Victory Children's Centre,2 - 13668 Whalley Blvd,Surrey,V3R 5J7,778-241-9367,,
Victory Learning Centre,14058 88A Ave,Surrey,V3V 7T4,778-881-7306,,
Encompass Bright Beginnings Childcare Centre,A-21405 56 Ave,Langley,V2Y 2N1,604-534-7155,,
Innocent Hearts Child Care,6933 Coach Lamp Dr,Chilliwack,V2R 2V4,778-222-1451,,
Donguri Preschool,3214 10Th Ave W,Vancouver,V6K 2L2,778-838-2011,,
Blossoms@Bellevue Academy,2893 Marine Dr,West Vancouver,V7V 1M1,778-288-0052,,
Tweedsmuir After School Studio,1714 8Th Ave,New Westminster,V3M 2S7,604-517-6398,,
South Delta Wee Childcare Inc,4750 57 St,Delta,V4K 3C9,778-995-5985,,
Gym Bears Child Care,6428 Selma Ave,Burnaby,V5H 3R4,778-927-8133,,
South Delta Wee Acorn Academy,5624 Ladner Trunk Rd,Delta,V4K 1X4,604-218-7607,,
South Delta Wee Clubhouse,4737 57 St,Delta,V4K 4C7,604-376-3443,,
Firm Foundations Early Learning Inc.,12390 104 Ave,Surrey,V3V 3H3,778-838-2312,,
Silver Ridge Montessori #3,17761 68 St,Surrey,V3S 4P4,604-315-1085,,
Busy Bees Child Care,1159 Eagleridge Dr,Coquitlam,V3E 1K1,604-561-5380,,
Ellendale Elementary School Basc,14525 110A Ave,Surrey,V3R 2B4,604-592-7031,,
Deer Fern Daycare,532 4Th St E,North Vancouver,V7L 1J6,604-904-4198,,
Baby Smile Childcare,7348 Stride Ave,Burnaby,V3N 1V2,778-302-6919,,
Kids Academy (2624),2624A St Johns St,Port Moody,V3H 2B6,604-492-5437,,
Beacon House,8181 168A St,Surrey,V4N 5K6,604-441-3900,,
Maple House Infant Toddler Daycare 1,7791 Tweedsmuir Ave,Richmond,V7A 1L3,778-898-2359,,
Watson Childcare Centre Ii,6045 Miller Dr,Chilliwack,V2R 2H4,604-613-1148,,
Moberly Childcare Centre Victoria,6905 Victoria Dr,Vancouver,V5P 3Y7,778-895-3185,,
Little Seedlings Daycare Centre,7352 12Th Ave,Burnaby,V3N 2J9,778-882-0887,,
Burnaby Lake Childcare,4578 Brentlawn Dr,Burnaby,V5C 3V1,604-728-0613,,
Kidz Venture Club,2809 Spring St,Port Moody,V3H 4C6,604-727-7991,,
Fabulous Kidz Childcare,4677 Northview Crt,Burnaby,V5H 1E4,778-386-8889,,
Happy Owls Childcare,6355 Grant St,Burnaby,V5B 2K7,778-386-8889,,
Baby Beluga Early Learning & Play House,5450 Moreland Dr,Burnaby,V5G 1Z8,778-846-5120,,
Cefa Cloverdale,201-17392 57 Ave,Surrey,V3S 2X6,604-897-2141,,
Twinkle Kids Academy,21084 83A Ave,Langley,V2Y 0B8,778-990-0316,,
Creative Stage,1-1381 George St,White Rock,V4B 4A1,778-879-7196,,
Bridges Childcare And Learning Centre - Applewood,19109 59 Ave,Surrey,V3S 7M9,778-384-9353,,
Kiddie Academy Child Care Centre Ltd,33837 Prentis Ave,Mission,V2V 2J7,778-347-0816,,
Little Stars Childcare Center,143 64Th Ave E,Vancouver,V5X 2M3,778-889-9654,,
Mommy Goose Child Care Sullivan,1-14858 60 Ave,Surrey,V3S 0B5,604-314-7856,,
Brightlights At The Stage,230-50 Lorne St,New Westminster,V3M 6G3,604-518-1291,,
Art In Daycare,625 Schoolhouse St,Coquitlam,V3J 5P6,236-788-8485,,
Yorkson Kids Care,A200-8045 204 St,Langley,V2Y 2A9,604-783-3066,,
Qayqayt Children's Centre,91 Courtney Cres,New Westminster,V3L 4M1,604-540-0431,,
Ready Set Grow Children's Centre,1714 Eighth Ave,New Westminster,V3M 2S7,604-526-9788,,
Moberly Childcare Learning Centre,700 59Th Ave E,Vancouver,V5X 1Y4,778-895-3185,,
Promise Vancouver Group Child Care (School Age),558 Powell St,Vancouver,V6A 1G9,604-800-4783,,
Mindful Kids Childcare Center,21209 93A Ave,Langley,V1M 1M5,778-637-0303,,
Mini Meadow Childcare,2773 46Th Ave E,Vancouver,V5S 1A8,604-568-1111,,
Az-Zahraa Islamic Academy,8580 No. 5 Rd,Richmond,V6Y 2V4,604-274-7861,,
Christine Sinclair Child Care Centre,3713 Kensington Ave,Burnaby,V5B 0A7,778-300-2660,,
Little Ladybug Daycare-Langley,20867 44 Ave,Langley,V3A 5A9,604-968-9077,,
All Bright Early Learning Center Park,2274 Park Crescent,Coquitlam,V3J 6T4,778-316-5360,,
Swan Childcare,3604 Tanner St,Vancouver,V5R 4E8,778-706-2000,,
The Biggest Little Learning Center,14818 60Th Ave Unit 104/105,Surrey,V3S 1R9,604-417-8256,,
Country Bears Child Care Centre Inc,31216 King Rd,Abbotsford,V2T 6C2,778-871-5608,,
Discover Possibilities,3192 Queens Ave,Vancouver,V5R 4T5,604-336-6488,,
Early Steps Academy Queens Park,601 Queens Ave,New Westminster,V3M 1L1,604-779-6541,,
Little Elephant Montessori Centre,8150 211 St,Langley,V2Y 0E4,778-998-7053,,
Play Garden Infant And Toddler Centre,1572 Regan Ave,Coquitlam,V3J 3B8,778-798-8162,,
Cheery Star Daycare Center,10307 158A St,Surrey,V4N 2M5,778-385-3529,,
Nik Kids Academy,622 Schoolhouse St,Coquitlam,V3J 5P7,778-885-3264,,
Abc Montessori Children's Centre,3629 Fraser St,Vancouver,V5V 4C7,604-727-2891,,
Apple Island Childcare,7487 Holly St,Burnaby,V5E 2C3,604-721-7488,,
Kinder Years Childcare,2264 Gordon Ave,West Vancouver,V7V 1W3,604-921-2375,,
Willowbrook Montessori Daycare - Latimer Campus,8157 198A Street,Langley,V2Y 1Y6,604-753-7276,,
Taylin Childcare - North Surrey,13388 104Th Ave,Surrey,V3T 1V6,604-349-4066,,
Cavell Group Childcare (School Age),500 20Th Ave W,Vancouver,V5Z 1X7,604-257-8134,,
Watch Me Grow Childcare,2412 164 St,Surrey,V3Z 0M8,778-513-0888,,
Little Diamonds Multi-Age Childcare,1144 Maplewood Cres,North Vancouver,V7P 1H9,778-929-0370,,
Little Sparrows Academy Corporation,8049 Gilley Ave,Burnaby,V5J 4Y6,778-865-7198,,
Aurostar Montessori Children Centre (Delta),11040 River Rd,Delta,V4C 2S2,236-868-3450,,
Happy Foot Infant And Toddler Centre,1621 Deep Cove Rd,North Vancouver,V7G 1S4,604-969-1184,,
Acklen Academy,7194 Vedder Rd,Chilliwack,V2R 4E3,604-846-6078,,
Growing Steps Children Centre Chilliwack,46212 Maple Ave,Chilliwack,V2P 2J4,778-387-1787,,
Mission Stars Childcare Centre (Hurd St),7381 Hurd St,Mission,V2V 3H8,778-246-1539,,
A Miracle Childcare,6655 Georgia St,Burnaby,V5B 1V9,672-513-2463,,
Little Nest Child Learning Centre,2561 168 St,Surrey,V3Z 0X3,778-814-1800,,
Laugh And Learn Children Centre Branch Iii,6596 Evans Rd.,Chilliwack,V2R 1K8,604-726-8295,,
Tender Love & Care Daycare #2,204-9288 120 St,Surrey,V3V 4B8,604-728-0752,,
Kidsrus Early Learning Center Munroe,7728 Munroe Cres,Vancouver,V5S 3J9,604-767-0439,,
Charming Child Daycare Center,10046 156 St,Surrey,V3R 4L5,604-889-5736,,
Sunshine Before & After School Care,980 East 13Th Street,North Vancouver,V7L 2N2,604-987-8229,,
"Learning Circle Ocean Park Campus, The",12761 16 Ave,Surrey,V4A 1N2,604-245-7733,,
Maple Treasure Children's Learning Centre,21176 117 Ave,Maple Ridge,V2X 2H2,778-839-6757,,
Kiddo Town Childcare Ltd,14881 59 Ave,Surrey,V3S 4S6,780-246-1450,,
Ic Early Learning Center (Morley),7726 Morley St,Burnaby,V5E 2K5,604-500-5559,,
Angels Land Academy,1054 Prospect Ave,North Vancouver,V7R 2M7,236-888-2363,,
Peach Blossom Childcare Centre,1528 Bond St,North Vancouver,V7J 1E7,604-990-1261,,
Little Koala Montessori Academy Ladner,C-5229 Ladner Trunk Road,Delta,V4K 5B6,780-630-7878,,
Moloo's Learning Centre,1356 35Th Ave E,Vancouver,V5W 1C1,778-867-3185,,
Radiance Childcare Centre,613 Queens Ave,New Westminster,V3M 1L1,778-686-6330,,
Pixel Wonderland Academy,9270 163A St,Surrey,V4N 3C6,778-751-7866,,
Blossom Buddies Daycare,8069 203 St,Langley,V2Y 3W8,778-996-5244,,
Abc Academy - Children's Learning Center Ltd - Burnaby,3830 Sunset St,Burnaby,V5G 1T3,604-317-9040,,
Spare Time Fun Centre,1338 W. 67Th Avenue,Vancouver,V6P 2T4,604-261-6612,,
Dino Multi-Age Daycare,3106 Fisher Crt,Coquitlam,V3E 2R8,778-834-9771,,
Young Riders Childcare,115-1077 56 St,Delta,V4L 2A2,778-999-1949,,
Kidikare Early Learning Centre - Taylor,1585 Taylor Way,West Vancouver,V7S 1N5,604-364-9848,,
Kidikare Early Learning Centre - Lawson,1315 Lawson  Avenue,West Vancouver,V7T 2E6,604-364-9848,,
Shining Smile Childcare Centre,4749 Osler St,Vancouver,V6H 2Y5,778-387-7768,,
Wibble Wobble - Bonny,46030 Bonny Ave,Chilliwack,V2P 0M3,778-246-5513,,
Honey Bees Day Care,819 Fifth St,New Westminster,V3L 2Y5,604-527-6760,,
Puddle Hoppers Child Care,22641 Lougheed Hwy,Maple Ridge,V2X 2V4,778-318-4055,,
Little Charm Daycare,4650 Neville St,Burnaby,V5J 2H1,778-302-6919,,
Ssocc Sandpiper After School Care,10111 Fourth Ave,Richmond,V7E 1V5,604-362-7928,,
Starlight Child Care Ltd.,1-1001 Royal Ave,New Westminster,V3M 1K3,778-859-4100,,
Shine & Grow Learning Centre,340 23Rd St E,North Vancouver,V7L 3E5,604-347-8825,,
Peninsula Montessori Academy Fraser,3456 Fraser St,Vancouver,V5V 4C4,778-994-1288,,
Sardis Elementary School Age Care,45775 Manuel Rd,Chilliwack,V2R 2E6,604-614-6263,,
Unsworth Elementary School Age Care,5685 Unsworth Rd,Chilliwack,V2R 4B6,604-614-6263,,
Greendale Elementary School Age Care,6621 Sumas Prairie Rd,Chilliwack,V2R 4K1,604-614-6263,,
Taylin Child Care Delair Rd,35270 Delair Rd,Abbotsford,V3G 2E2,604-349-4066,,
Curious Cubs Childcare Centre,9306 208 St,Langley,V1M 2Y9,604-352-5511,,
Ikoka Childcare Learning Center,7808 Ross St,Vancouver,V5X 4C2,778-861-7446,,
Taylin Child Care Douglas,17419 0B Ave,Surrey,V3Z 8L2,604-349-4066,,
Blue Ocean Daycare,2221 Ottawa Ave,West Vancouver,V7V 2S7,236-881-3775,,
Mathieson After School Childcare Centre,45195 Wells Rd,Chilliwack,V2R 1H6,604-819-4117,,
Khalsa Childcare Centre 1,6989 124 St,Surrey,V3W 3W6,604-594-0553,,
Little Lambs Childcare Center,613 Queens Ave,New Westminster,V3M 1L1,604-515-8212,,
Miss Vicki's Childcare Centre,21150 80 Ave,Langley,V2Y 0H2,778-998-0405,,
Sandbox Early Learning (Abbotsford),32560 Simon Ave,Abbotsford,V2T 5L7,604-868-7121,,
Puzzles Child Care Centre,5639 Remington Cres,Chilliwack,V2R 3W9,778-918-6343,,
Brighouse Junior Kindergarten Corporation,8151 Bennett Road,Richmond,V6Y 1N4,604-312-3352,,
Heron's Landing 3-5,5Th Fl - 6180 Walter Gage Rd,Vancouver,V6T 1S1,604-837-9232,,
Heron's Landing - Infant Toddler,5Th Fl - 6180 Walter Gage Rd,Vancouver,V6T 1S1,604-837-9232,,
Block 8 Academy - Spring Street,2626 Spring St,Port Moody,V3H 2G8,778-893-9706,,
Dream Castle Childcare Centre Ltd,3542 Highland Dr,Coquitlam,V3E 0K2,778-861-3456,,
Star Academy Of Montessori Corporation,13780 Westminster Hwy,Richmond,V6V 1A2,778-228-1233,,
Top Drawer Daycares Inc.,1300 Chartwell Dr,West Vancouver,V7S 2R3,604-218-7055,,
A1 Suncrest Daycare,7907 Suncrest Dr,Burnaby,V5J 3N4,778-986-9386,,
Bright Future Childcare Ltd,1784 Prairie Ave,Port Coquitlam,V3B 1V1,778-237-2677,,
Dover Learning Center - Ridge,22155 Lougheed Hwy,Maple Ridge,V2X 5V3,604-551-3401,,
Creative Path Daycare 02,8681 150 St,Surrey,V3S 5G1,778-707-6579,,
Kitsilano Neighbourhood House Hudson Preschool,1530 Maple St,Vancouver,V6J 3L3,604-733-8674,,
Kitsilano Neighbourhood House Hudson School Age Care,1530 Maple St,Vancouver,V6J 0H8,604-731-1618,,
Regent Early Learning Centre,5950 179 St,Surrey,V3S 4J9,604-576-6313,,
Mm Learning Inc. Fraserview,2228 Fraserview Dr,Vancouver,V5P 2N4,778-895-3185,,
Mia Montessori Academy,110-6111 Dyke Rd,Richmond,V7E 3R3,236-885-1885,,
Baby Angel Early Learning Inc,4536 Irmin St,Burnaby,V5J 1X7,778-885-6330,,
Abby Childcare Centre,2663 James St,Abbotsford,V2T 3L6,604-612-0439,,
Goldstone Childcare Centres Inc. - Newton,12296 71A Ave,Surrey,V3W 0M1,604-729-0543,,
A Wave Of Stars Childcare,1821 Barnet Hwy,Port Moody,V3H 1V9,604-715-7548,,
Tiny Timbers Children's Academy Ltd.,6323 197 St,Langley,V2Y 1K8,877-657-1741,,
Dream Builders Early Learning Centre,1116-1470 Prairie Ave,Port Coquitlam,V3B 5M8,604-552-8261,,
Smiling Kids Childcare Centre,1380 Coast Meridian Rd,Coquitlam,V3E 3H1,604-600-4393,,
Twig + Owl / Montroyal Elementary,133 - 5310 Sonora Dr,North Vancouver,V7R 3V8,604-929-5371,,
Angel Pines Center,2826 Cambridge St,Abbotsford,V2S 4C7,778-929-0213,,
Bright Light Learning Centre,8383 140 St,Surrey,V3W 5K9,778-318-6486,,
Green Valley Sunshine Kids,7332 Grand St,Mission,V2V 3S1,778-347-4242,,
Shine & Grow Learning Centre,359 23Rd St W,North Vancouver,V7M 2B6,604-347-6444,,
Ssocc Heron Toddlers,12091 Cambie Rd,Richmond,V6V 1G5,604-362-7928,,
Ssocc Heron Junior Kindergarten,12091 Cambie Rd,Richmond,V6V 1G5,604-362-7928,,
Goodwin Academy Daycare,2-10468 Whalley Blvd,Surrey,V3T 4H5,604-518-7531,,
Gobind Sarvar Childcare Center,8922 168 St,Surrey,V4N 6G7,778-552-4030,,
Happyland Infant And Toddler Daycare (Dundas),4212 Dundas St,Burnaby,V5C 1B1,778-883-9030,,
Blue Castle Kidz Academy,808 Dublin St,New Westminster,V3M 2Y6,778-989-2574,,
Super Dooper Childcare Centre,3328 Turner Ave,Coquitlam,V3E 3B9,604-790-9956,,
Marin Learning Center,5110 Marine Dr,Burnaby,V5J 3G6,604-283-4088,,
Mm Learning Inc Victoria 61,2043 E 61St Ave,Vancouver,V5P 2K4,778-895-3185,,
Ilm-Fairview,12209 206 St,Maple Ridge,V2X 1T8,250-585-7898,,
Nurture & Grow Learning Center,24497 Fraser Hwy,Langley,V2Z 2L2,604-779-1424,,
"Blessed Generations Academy - Canada Way, Burnaby",7837 Canada Way,Burnaby,V3N 3K8,604-618-4767,,
Champion Kids Learning Centre #2,20478 Fraser Hwy,Langley,V3A 4G2,778-321-8624,,
Watson Childcare Centre Iii,6583 Dayton Dr,Chilliwack,V2R 1V2,604-613-1148,,
Spring Daycare,306 22Nd St W,North Vancouver,V7M 2A4,604-779-1380,,
Goldstone Park - Basc,6287 146 Street,Surrey,V3S 3A3,604-501-5530,,
Little Stars Childcare Center E58th,969 East 58Th Ave,Vancouver,V5X 1W6,778-889-9654,,
Ladybird Montessori Learning Academy,8-1180 Pinetree Way,Coquitlam,V3B 7L2,778-285-1737,,
Polka Dot Early Learning,10-800 mcbride Blvd,New Westminster,V3L 2B8,604-724-4328,,
Mighty Cubs Childcare,15010 Ashby Pl,Surrey,V3S 5G2,672-515-6702,,
Ilm-Edith Mcdermott,12178 Bonson Rd,Pitt Meadows,V3Y 2L5,250-585-7898,,
Kiddie Club Childcare Center,22-32700 South Fraser Way,Abbotsford,V2T 4M5,778-963-8811,,
Langara Learning Center,142 51St Ave E,Vancouver,V5X 1C3,778-889-9654,,
Happy Gogo Childcare Centre,7928 14Th Ave,Burnaby,V3N 2B4,778-320-9988,,
Bright Cross Learning Center,13639 108 Ave,Surrey,V3T 2K4,778-789-8222,,
Quinton Childcare,1950 Quinton Ave,Coquitlam,V3J 3K5,604-655-7718,,
Organic Early Learning (Satellite),7501 6Th St,Burnaby,V3N 3M2,604-765-9982,,
Season Explorations Childcare,4534 Gladstone St,Vancouver,V5N 4Z9,778-316-6111,,
Smiley Daycare Boundary,1133 Boundary Rd,Vancouver,V5K 4T4,778-855-4318,,
Burke Village Academy,3516 Forst Ave,Coquitlam,V3B 2W7,778-723-5650,,
Pioneering Minds Childcare Ltd,6079 Marine Drive,Burnaby,V3N 2X8,778-865-9183,,
Bean Sprouts,3323 23Rd Ave E,Vancouver,V5R 1B8,778-997-1058,,
Little Oak Childcare Centre (Stride Burnaby),7171 Stride Ave,Burnaby,V3N 1T8,778-898-6338,,
Pure Play Child Care Marshall Inc.,201-34314 Marshall Rd,Abbotsford,V2S 1L9,604-854-0327,,
A&N Academic Montessori School Ltd.,529 Queens Ave,New Westminster,V3L 1K2,778-387-8808,,
Peek-A-Boo Childcare Center Inc.,1119 Eyremount Dr,West Vancouver,V7S 2B9,778-996-3643,,
Blue Mountain Kids Academy Ltd,1045 Ridgeway Ave,Coquitlam,V3J 1S6,672-963-2024,,
Blessings Miracles Daycare Centre Ltd.,4041 200B St,Langley,V3A 1P1,778-863-5511,,
Kids' Heaven Learning Centre,3737 Sutherland St,Port Coquitlam,V3B 7C2,778-951-3953,,
Kidz Hub Early Learning Centre Inc.,1-31895 Lougheed Hwy,Mission,V2V 0K8,604-590-6771,,
Moloo's Learning Centre 59Th,1340 E 59Th Ave,Vancouver,V5X 1Z1,778-867-3185,,
Pretty Angels Daycare,8148 18Th Ave,Burnaby,V3N 1K1,236-862-5435,,
Little Steps Child Care Center,4160 Williams Rd,Richmond,V7E 1J8,778-233-2368,,
Tweety Blue Bird Ii,425 56Th Ave E,Vancouver,V5X 1R5,778-855-9546,,
Anna's Greenhouse Daycare,220 Bernatchey St,Coquitlam,V3K 4C3,778-859-8010,,
Service De Garde Les Aventuriers,4275 Crown St,Vancouver,V6S 2K3,236-992-7149,,
Pure Play Child Care Eagle Landing,8249 Eagle Landing Parkway,Chilliwack,V2R 0P9,604-854-0327,,
Ramo Childcare Center,4895 Mackenzie St,Vancouver,V6L 2R7,604-365-8128,,
Kidscool Early Learning Centre Nw,337 6Th St,New Westminster,V3L 3A8,604-767-9726,,
Quality Time Childcare Centre,31668 South Fraser Way,Abbotsford,V2T 1T9,778-551-3099,,
Mini Miracles Children Centre,1102 Ridgeway Ave,Coquitlam,V3J 1S9,604-790-1102,,
Taylin Child Care Summerfield,17371 1St Ave,Surrey,V3Z 8L2,604-349-4066,,
All My Kids Ltd,1710 Harbour Dr,Coquitlam,V3J 5W2,778-835-6104,,
Growing Tree Toddler Center,7759 204A St,Langley,V2Y 4K3,778-246-2234,,
Autumn Childcare Centre #1,46185 Olds Dr,Chilliwack,V2P 0B5,778-552-8012,,
Khalsa Childcare Centre - Ch,14988 76 Ave,Surrey,V3S 6Z4,604-897-0954,,
Gobind Sarvar Preschool & School Age,8820 168 St,Surrey,V4N 6G7,778-552-4030,,
Silly Moose Academy,2641 Panorama Dr,Coquitlam,V3E 2W1,778-822-7537,,
Vista Child Centre,2942 Valleyvista Dr,Coquitlam,V3E 2P4,604-522-6466,,
Westwood Kids Castle Childcare,2921 Valleyvista Dr,Coquitlam,V3E 2P3,604-649-6860,,
Legendary Leaders And Explorers Childcare Centre Chilliwack,45160 Deans Ave,Chilliwack,V2P 7B1,604-763-2023,,
Growing Hands-Austin Heights Childcare Centre,103-1001 Austin Ave,Coquitlam,V3K 3N9,778-899-1797,,
Maven House Childcare Center,19330 Fairway Drive,Surrey,V3S 0B7,604-512-0406,,
Peachy Keen Early Learning Ltd,14973 88 Ave,Surrey,V3S 2S4,778-954-9993,,
Annar Fine Art Academy Childcare Ltd,3013 Spring St,Port Moody,V3H 4B6,778-822-7120,,
Ikoka Childcare Learning Center 57Th,1025 57Th E Ave,Vancouver,V5X 1T4,778-861-7446,,
Ic Early Learning Center (Sardis B),4845 Sardis St,Burnaby,V5H 1L4,604-500-5559,,
Kids Academy Daycare,361 Pembina St,New Westminster,V3M 5J5,604-600-3019,,
Cheam Elementary School Age Care,9895 Banford Rd,Chilliwack,V2P 6H3,604-798-0955,,
Joyful Lambs Daycare,6995 202B St,Langley,V2Y 2Z6,250-884-5332,,
Salt And Pepper Infant/Toddler Group Daycare,9691 Aquila Rd,Richmond,V7A 3R1,604-353-2152,,
Liliom Childcare,720 9Th St E,North Vancouver,V7L 2B9,604-655-4143,,
Bright Kiddo Childcare Ltd,717 Poirier St,Coquitlam,V3J 6B5,778-833-1137,,
Lucky Duckling Daycare,45212 Oliver Cres,Chilliwack,V2R 2J6,236-380-3100,,
Maple House Academy,2979  W 41St Ave,Richmond,V6N 3C8,604-368-3361,,
Lively Days Childcare Centre,42479 Yarrow Central Rd,Chilliwack,V2R 5C8,604-845-8717,,
Penguin And Panda Childcare,1659 Manning Ave,Port Coquitlam,V3B 1K7,778-881-0530,,
Apple Island Childcare,6859 Dow Ave,Burnaby,V5J 3X1,604-721-7488,,
Twig And Owl / Hardy,2668 Hardy Crescent,North Vancouver,V7H 1K2,604-929-5371,,
Pebble Lane Early Learning White Rock,15670 Columbia Ave,White Rock,V4B 1L1,604-560-8353,,
Blossoms@Bellevue Academy (Mountain Hwy),102-277 Mountain Hwy,North Vancouver,V7J 3T6,778-288-0052,,
Watch Me Grow Early Learning Centre,9635 137 St,Surrey,V3T 4G8,778-239-0449,,
Cefa Morgan Crossing East,101-15400 Croydon Dr,Surrey,V3Z 1K1,778-241-7917,,
Happy Kids Castle Daycare Inc,19004 119 Ave,Pitt Meadows,V3Y 1X8,778-882-1985,,
Woodpecker Infant Toddler Care,8482 214A St,Langley,V1M 2K6,236-990-1366,,
Glitter And Sparkly Childcare Ltd,27123 River Rd,Maple Ridge,V2W 1M4,604-360-1247,,
Forest Cubs Childcare,20467 90 Cres,Langley,V1M 1A7,647-864-1234,,
Kids First Montessori Preschool,15372 94 Ave,Surrey,V3R 1E3,778-895-0007,,
House Of Montessori Daycare,6599 Berkeley St,Vancouver,V5S 2J5,604-417-1505,,
Kidsrus Early Learning Center Oak Street,1007 51St Ave W,Vancouver,V6P 1C2,604-767-0439,,
Mira's Happy House@ St. Anthony Elementary School,595 Keith Rd,West Vancouver,V7T 1L8,604-723-1494,,
Lni Childcare Learning Centre,8090 Atchelitz Rd,Chilliwack,V2R 4H4,604-446-7721,,
Sunny Valley Early Learning Centre,"201-203, 7592 Vedder Rd Chilliwack Bc V2r 5V9",Chilliwack,V2R 5V9,778-683-5791,,
A & B Early Learning Centre,6327 Berwick Crt,Burnaby,V5E 4C3,778-995-2628,,
Beautiful Blessings Learning Centre Inc,103-1785 Clearbrook Rd,Abbotsford,V2T 5X5,778-865-9816,,
Cela Afterschool Learning,6640 Blundell Rd,Richmond,V7C 1H8,778-951-3438,,
Little Moon Childcare Ltd,23106 135 Ave,Maple Ridge,V4R 0E6,778-251-2740,,
All Bright Early Learning Center Metro,5620 Oakglen Dr,Burnaby,V5H 3M5,778-316-5360,,
Kids Town Childcare Centre,101-104 - 32559 Logan Ave,Mission,V2V 6W8,604-388-0707,,
Blossoms & Roots Childcare - Crescent Park,12752 28 Ave,Surrey,V4A 2P4,778-871-3043,,
Lni Childcare Learning Centre,9220 Sitka Pl,Chilliwack,V2P 0H8,604-446-7721,,
Burnaby-South Childcare Centre,7225 Gilley Ave,Burnaby,V5J 4W9,604-808-7623,,
The Growing Grove Childcare,3685 Napier St,Vancouver,V5K 2Y1,672-355-3685,,
Brickwater Early Learning,116-22633 Selkirk Ave,Maple Ridge,V2X 1C7,604-720-4809,,
Little Sketch Child Care,8256 202 St,Langley,V2Y 0Y9,778-580-8566,,
Tanpopo Child Care Inc.,2-2105 Scarboro Ave,Vancouver,V5P 2L2,236-480-0043,,
Monarch Montessori Academy,2079 30Th Ave W,Vancouver,V6J 3A4,604-563-9511,,
Academics Prekindergarten Yvr,400- 3600 Lysander Ln,Richmond,V7B 1C3,604-861-9074,,
Little Lamb Christian Montessori Children House,21811 52A Ave,Langley,V2Y 1L3,778-908-8938,,
Secret Heart Academy - Wellington,45820 Wellington Ave,Chilliwack,V2P 2C9,604-402-4300,,
Hava Childcare Academy,113 - 11300 Pazarena Pl,Maple Ridge,V2X 5P1,604-441-3900,,
Toma’S Montessori Childcare - Surrey,13526 King George Blvd,Surrey,V3T 2T7,778-773-8507,,
Crescent Heights Academy Child Care-Diamond,18620 56Th Ave,Surrey,V3S 1G1,604-427-2282,,
Grenfell School Age Child Care Centre,5987 Prince Albert St,Vancouver,V5W 3E2,604-434-9994,,
Central City Garden Daycare,9970 Semiahmoo Rd,Surrey,V3T 3M7,604-879-9939,,
Power Play Early Learning,15000 54A Ave,Surrey,V3S 5X7,604-372-3725,,
Bright Early Learning Academy,46340 Strathcona Rd,Chilliwack,V2P 3T3,778-704-8822,,
B Kids Daycare,3060 148Th St,Surrey,V4P 0G8,778-998-5437,,
Kidsrus Early Learning Center Sunset,286 E 53Rd Ave,Vancouver,V5X 1H9,604-767-0439,,
Amazing Grace-Sunrise Out Of School Care,3977 Albert St,Burnaby,V5C 2E2,604-716-6352,,
Royal Academy Langley,6656 Glover Rd,Langley,V2Y 0W9,778-233-8811,,
Swan Childcare,20040 40A Ave,Langley,V3A 2Y5,778-706-2000,,
1 Step 2 Steps Child Care,9422 Coote St,Chilliwack,V2P 6B5,604-885-8439,,
Bright Genius Academy Childcare Center,1508 Shore View Pl,Coquitlam,V3E 0J6,236-965-4536,,
Adonai Childcare,41995 Yarrow Central Rd,Chilliwack,V2R 5E7,604-845-4964,,
Happy Bears Early Learning Centre #2,626-10833 160 St,Surrey,V4N 1P3,778-877-0869,,
Cefa White Rock,301 - 1589 George St,White Rock,V4B 0C6,778-565-1124,,
St. Giles Preschool,3737 27Th Ave W,Vancouver,V6S 1R2,604-325-0114,,
S.M.A.T. Child Care Center,631 Thompson Ave,Coquitlam,V3J 3Z9,778-996-8236,,
Smiling Sunshine Childcare,1467 Hockaday St,Coquitlam,V3E 2X2,604-600-4393,,
Max'inux Childcare Jinkerson,6113 Rexford Dr,Chilliwack,V2R 0L3,604-786-5990,,
Cariboo Kids Daycare,7200 Cariboo Rd,Burnaby,V3N 4A7,604-527-7200,,
Mom's Garden Daycare,8691 Armstrong Ave,Burnaby,V3N 2H4,604-868-5494,,
Lingo Sunshine Academy,6026 Dover Road,Richmond,V7C 3L1,604-727-6758,,
Kidtopia Children's House,6745 Hastings St.,Burnaby,V5B 1S6,604-565-6555,,
Sunnyside Montessori Daycare #2,16656 18A Ave,Surrey,V3Z 1A2,778-858-6218,,
Royal Academy On Canada Way,4692 Canada Way,Burnaby,V5G 1K8,778-322-0288,,
My Forest Daycare,19654 73C Ave,Langley,V2Y 3R5,778-713-0705,,
Rose Child Care Centre,119 3Rd St W,North Vancouver,V7M 1E7,672-982-3484,,
Happy Little Bunnies,20936 80B Avenue,Langley,V2Y 0R2,778-680-4611,,
Dasmesh Childcare Centre Ltd,13802 Franklin Rd,Surrey,V3R 5K9,604-700-6137,,
I Love Childcare,19319 67Th Ave,Surrey,V4N 1M7,778-681-0525,,
Bright Cross Learning Center,7940 - 118 Street,Delta,V4C 6H1,778-789-8222,,
Ma Montessori Daycare & Preschool,3078 Renfrew St,Vancouver,V5M 3K6,236-986-9760,,
Blossoms & Roots Childcare - White Rock,1519 Oxford St,White Rock,V4B 3R7,778-871-3043,,
Aloha Childcare Centre,6338 Neville St,Burnaby,V5E 1A6,604-720-0076,,
Baby Shark,7308 Main Street,Vancouver,V5X 3J5,778-829-9650,,
Cloverdale Village Early Learning Centre,5855 176A St,Surrey,V3S 4H6,672-999-0380,,
Tiny Scholars Playschool - Newton,13857 68Th Ave,Surrey,V3W 2G9,604-337-9333,,
Pebbles & Piaget Early Learning Kingsway Ii,3528 Kingsway,Vancouver,V5R 5L7,778-919-3797,,
Cuddly Cubs Childcare,11564 Creekside St,Maple Ridge,V2W 2B9,365-338-5888,,
Kidsrus Early Learning Center Main Street,7007 Main St,Vancouver,V5X 1K6,604-767-0439,,
Little Masters Childcare Center,1322 Whitsell Ave,Burnaby,V5C 5E4,778-316-5010,,
Happy Bears Early Learning Center,16159 108A Ave,Surrey,V4N 1P1,778-877-0869,,
The Children's Centre At A.J. mclellan Elementary,119 - 16545 61St Ave,Surrey,V3T 4A6,778-829-0025,,
Cefa Campbell Heights,200 - 19255 28Th Ave,Surrey,V3Z 9V2,778-241-7917,,
Adventure House Early Learning Childcare,8187 12Th Ave,Burnaby,V3N 2L3,236-509-4447,,
Chimney Hill Out Of School Care Program,14755 74Th Avenue,Surrey,V3S 8Y8,604-816-2253,,
Bright Steps,2950 Blue Jay St,Abbotsford,V2T 5P5,778-345-7601,,
Ga Preschool Childcare,16870 80 Ave,Surrey,V4N 5A1,778-872-9988,,
Smart Starters Child Care Centre 2,18990 62Nd Ave,Surrey,V3S 8S4,778-990-3993,,
Birdhouse Montessori,591 St Giles Rd,West Vancouver,V7S 1L7,778-988-5351,,
Honey Bees Daycare,3168 Pier Dr,Coquitlam,V3C 5S5,778-325-1378,,
Edmonds Childcare Centre,7496 Edmonds St,Burnaby,V3N 1B2,778-227-8930,,
Grassroots Early Learning And Care,3066 E 23Rd Ave,Vancouver,V5R 1B3,672-999-5287,,
Baby Square Daycare,4045 Union St,Burnaby,V5C 2W9,778-302-6919,,
Growville Early Learning,1613 Capilano Rd,North Vancouver,V7P 3P6,604-652-3875,,
New Direction Academy Bowen,3731 Bowen Dr,Richmond,V7C 4C8,778-862-5478,,
The Creative Kids Childcare Centre,150 E 63Rd Ave,Vancouver,V5X 2J6,647-237-8021,,
Shining Smile Childcare Centre,3976 W 38Th Ave,Vancouver,V6N 2Y6,778-387-7768,,
Pinetree Childcare Centre - Willoughby,7876 211B St,Langley,V2Y 0H5,778-321-7819,,
Westside Montessori Academy,668 E 20Th Ave,Vancouver,V5V 1M9,604-336-6247,,
Lidel Angels Childcare,1585 Salal Cres,Coquitlam,V3E 2Y3,604-446-4145,,
Ark And Rainbow Child Care,4869 Colbrook Crt,Burnaby,V5G 3Y3,845-006-8666,,
Cubs On Kent Daycare,8942 Glenwood St,Chilliwack,V2P 3Z6,778-552-7713,,
Cribs To Crayons Daycare Ltd - Surrey,12469 104 Ave,Surrey,V3V 6A2,604-537-3444,,
3 Angels Children's Centre,1415 Noons Creek Dr,Coquitlam,V3E 2T7,778-885-4308,,
Weave Childcare Centre,3905 Norland Ave,Burnaby,V5G 4T8,778-321-5467,,
Eagle Harbour Montessori Childcare,5575 Marine Drive,West Vancouver,V7W 2R4,604-783-6604,,
Tyson Elementary School Age Care,45170 South Sumas Rd,Chilliwack,V2P 2P9,604-798-0955,,
Chapter One Childcare,6654 Willoughby Way,Langley,V2Y 1K5,236-978-9252,,
Max'inux Childcare Inc,4351 Meighen Pl,Abbotsford,V3G 3C5,604-786-5990,,
Maple Caspian Kids Academy,"102, 103-1041 Ridgeway Ave",Coquitlam,V3J 1S6,604-413-3094,,
Twig +Owl/ Walpole,2709 Walpole Crescent,North Vancouver,V7H 1K7,604-929-5371,,
I Kids+ Learning Centre,21003 76A Ave,Langley,V2Y 0L1,778-855-1425,,
B Kids Daycare Langley,109-110 - 20631 Fraser Hwy,Langley,V3A 4G4,778-773-4990,,
B Kids Daycare Langley,101 - 20633 Fraser Hwy,Langley,V3A 4G4,778-773-4990,,
Shining Stars Learning Academy (Abbotsford),2556 Montrose Ave,Abbotsford,V2S 3T3,604-316-5853,,
Cefa Cottonwood,7544 Vedder Road,Chilliwack,V2R 4E7,604-426-2662,,
May's Garden Childcare,9970 159A St,Surrey,V4N 2K8,778-839-6826,,
Petals Child Care,21516 Dewdney Trunk Rd,Maple Ridge,V2X 3G4,236-838-4131,,
Windridge Park Childcare Center,931 Lytton St,North Vancouver,V7H 2M5,604-983-6504,,
Awesome Playtime (Apt) Daycare,849 Runnymede Ave,Coquitlam,V3J 2V3,778-877-0706,,
Light Childcare Center,102-7075 Vedder Road,Chilliwack,V2R 0X9,604-902-5255,,
Peninsula Montessori Academy Oak,10-989 W 28Th Ave,Vancouver,V5Z 0E8,778-994-1288,,
Weegrow Early Learning Centre,20505 76A Ave,Langley,V2Y 3T1,604-989-8077,,
Momentos De Ninos Childcare - Brentwood,1741 Springer Avenue,Burnaby,V5B 3M4,778-865-9183,,
Benjamin Childcare,6294 St Catherines St,Vancouver,V5W 3G6,604-355-5792,,
Merry Land Child Care,4475 Pandora Street,Burnaby,V5C 2B8,604-657-8133,,
Creator Childcare Learning Center,8408 Piper Cres,Chilliwack,V2P 7R8,778-594-4449,,
Maple House Infant Toddler Daycare-Tsawwassen,4790 Nixon Ave,Delta,V4M 1C6,778-668-5077,,
Cefa Panorama North,109 - 5577 153A St,Surrey,V3S 5K7,778-241-7917,,
Angel Smile Child Care,6969 Sussex Ave,Burnaby,V5J 3V1,778-885-6330,,
All Bright Early Learning Center Vancouver,1888 E 47Th Ave,Vancouver,V5P 4P4,778-859-8010,,
Little Einstein Learning Centre,46795 First Ave,Chilliwack,V2P 1X9,778-512-9945,,
Little Einstein Day Care (Annex Ii) Ltd,46610 Brooks Ave,Chilliwack,V2P 1C9,778-512-9945,,
Maple Kids Academy,10681 248Th St,Maple Ridge,V2W 1G6,604-902-7480,,
Chartwell Childcare,1106 Gilston Rd,West Vancouver,V7S 2E8,604-970-0008,,
Abc Kids World Learning Centre Surrey,13648 Grosvenor Rd,Surrey,V3R 5C9,604-897-6655,,
Butterfly Learning Centre Ltd,1790 Ioco Rd,Port Moody,V3H 5C5,778-928-3839,,
Little Oak Montessori,708 W 62 Avenue,Vancouver,V6P 2E2,778-951-8898,,
Orca Rising School Age Care,2330 E 37Th Avenue,Vancouver,V5R 2T3,604-324-6212,,
Marpole Neighbourhood House,8585 Hudson Street,Vancouver,V6P 4M3,604-484-9145,,
Little Creations Childcare Center Inc,22528 Lougheed Hwy,Maple Ridge,V2X 2V1,604-314-9266,,
Rowan Avenue Child Care Centre,4838 Rowan Ave,Burnaby,V5G 3T1,604-526-2522,,
Kaleidoscope Childcare,33083 Tunbridge Ave,Mission,V2V 6X9,604-814-1781,,
Kiddies Korner Preschool,948 Como Lake Ave,Coquitlam,V3J 7P9,604-941-4919,,
Toddlers Home Study Hall,10651 Caithcart Rd,Richmond,V6X 1N3,604-396-2771,,
Growing Tree It Center,20426 77A Ave,Langley,V2Y 4K3,778-246-2234,,
Child Connect Early Learning,1305 Taylor Wy,West Vancouver,V7T 2Y7,604-281-4410,,
Canyon Springs Montessori,18477 Old Dewdney Trunk Rd,Pitt Meadows,V3Y 1Z1,604-465-0597,,
Ssocc Heron After School Care,10116-3800 No 5 Rd,Richmond,V6X 2T7,604-377-8385,,
Lark Montessori Early Learning Centre (1468683 Bc Ltd),33323 South Fraser Way,Abbotsford,V2S 2B2,778-227-4692,,
Compass Educare - St. David,2475 Franklin St,Vancouver,V5K 1X3,604-312-0365,,
Joyful Adventure Child Care,5532 Cedardale Ct,Burnaby,V5B 2B8,778-697-2742,,
Dreamy Daisy Daycare Corp.,1519 Eagle Mountain Dr,Coquitlam,V3E 2Y6,778-898-4502,,
Mossy Creek Childcare,46017 Lewis Ave,Chilliwack,V2P 3E2,236-975-8877,,
2 Learn N' Play Early Learning Centre Inc,108 - 11018 126A St,Surrey,V3V 0G1,604-803-1078,,
Homera Daycare Center,1282 Hudson St,Coquitlam,V3B 7L7,778-834-3096,,
Brightsky Childcare Centre,666 E 63Rd Ave,Vancouver,V5X 2K4,778-919-2945,,
Joyful Ocean Academy,20409 83B Ave,Langley,V2Y 0R6,604-828-3703,,
Chilliwack Learning Centre,46024 Riverside Dr,Chilliwack,V2P 2K8,604-375-9494,,
Chilliwack Learning Centre,46018 Riverside Dr,Chilliwack,V2P 2K8,604-375-9494,,
New Direction Academy Williams,6560 Williams Rd.,Richmond,V7E 1K5,778-862-5478,,
Little Wish Childcare Centre,18932 70B,Surrey,V4N 5M6,778-988-7627,,
Meris Kids Inc.,1178 Laburnum Ave,Port Coquitlam,V3B 1K3,236-512-7975,,
Hatch Kids Learning Centre - Garden City Osc,8311 Garden City Rd,Richmond,V6Y 2P1,778-870-3611,,
Star Steps Daycare,110 - 30475 Cardinal Ave,Abbotsford,V2T 0E4,778-779-6088,,
"Sonshine Street Childcare Centre, Aldergrove",24687 56Th Ave,Langley,V2Z 1B9,604-309-7364,,
Premier Montessori Metrotown,6112 Sussex Ave,Burnaby,V5H 3C3,604-363-1333,,
Rainbow Dash Montessori Childcare,2943 Rosewood St,Port Coquitlam,V3B 3L8,778-681-0418,,
Giraffe Childcare Center,3925 Oxford St,Burnaby,V5C 1C4,778-512-3678,,
Kings And Queens Child Care Center Inc.,2940 272Nd St,Langley,V4W 3R4,778-394-1291,,
Gold Key Childcare Center,6141 Elgin Ave,Burnaby,V5H 3S3,778-388-6169,,
Hilltop Montessori Childcare,257 Montgomery St,Coquitlam,V3K 5E9,778-998-8976,,
Hula Bears Child Care,4556 Clinton Street,Burnaby,V5J 2K5,778-239-8818,,
Dover Learning Center -Maple Ridge,22611 Dewdney Trunk Rd,Maple Ridge,V2X 3K1,604-551-3401,,
Twinkle Town Day Care,1438 Frederick Rd,North Vancouver,V7K 1J7,604-366-2545,,
Quayside Child Care Centre,710 Quayside Dr,New Westminster,V3M 0P3,604-537-8481,,
Somewhere To Grow Montessori Childcare Centre 2,6195 136 St,Surrey,V3X 1H4,778-578-0329,,
Somewhere To Grow Montessori Childcare Centre 3,13580 62 Ave,Surrey,V3X 2J4,778-578-0329,,
Buckingham Little Stars Childcare Center,6130 Buckingham Pl,Burnaby,V5E 2A4,778-898-6338,,
Twig + Owl / Violet,2715 Violet St,North Vancouver,V7H 1H2,604-929-5371,,
Fraser Montessori Children's House,6858 Fraser St,Vancouver,V5X 3V1,778-996-0590,,
Yennadon Annex Active Kids Club,12854 232Nd St,Maple Ridge,V2X 6T9,604-467-7478,,
Inspirations Montessori School Newwest,204 - 810 Quayside Drive,New Westminster,V3M 6B9,604-566-8886,,
Little Town Childcare,4378 Imperial St,Burnaby,V5J 1A9,604-729-6655,,
Educare 2 Childcare Centre,5988 Leibly Ave,Burnaby,V5E 3C8,604-808-7623,,
Branches A Nature Play School,11736 Ridgecrest Dr,Delta,V4E 3A5,778-882-7736,,
Little Earthlings Childcare Ltd.,3871 Moncton St,Richmond,V7E 3A7,778-680-2639,,
Royal Academy,"101, 102, 103 & 104 - 10957 Barnston View Rd",Pitt Meadows,V3Y 0B6,604-465-8585,,
Royal Academy,201 - 10958 Barnston View Rd,Pitt Meadows,V3Y 0B8,604-460-8585,,
Gentle Giants Daycare- Greendale,2 - 6396 Sumas Prairie Rd,Chilliwack,V2R 4N6,604-217-7394,,
Hatch Kids Learning Centre-Garden City Prek,8311 Garden City Rd,Richmond,V6Y 2P1,778-870-8303,,
With Our Own Two Hands Education Inc.,110 3531 Bayview St,Richmond,V7E 5W3,604-274-5277,,
Cefa Sullivan Ridge,101-5790 King George Blvd,Surrey,V3X 1G8,160-489-7214,,
Rising Gems Early Learning Centre,5237 Carleton Crt,Burnaby,V5H 2N4,604-566-6648,,
Nsnh Innova Childcare Centre,250-422 E 3Rd St,North Vancouver,V7L 1G2,604-987-8138,,
Cozy Corner Tots,4842 Brentlawn Dr,Burnaby,V5C 3V5,604-629-3555,,
Regent Early Learning Centre - Sullivan,15100 66A Ave,Surrey,V3S 2A6,604-599-8171,,
Del Academy- Divine Early Learning Academy,2265 Leclair Dr,Coquitlam,V3K 6P6,778-928-6735,,
Connections Childcare Centre - Spul'u'kwuks,5999 Blanshard Dr,Richmond,V7C 5V4,778-877-0633,,
Taylin Child Care Arthur Dr,4755 Arthur Dr,Delta,V4K 2X6,604-349-4066,,
Kidopia On Wooddale,275 Wooddale Rd,North Vancouver,V7N 1S6,604-760-4842,,
Bright Cubs Childcare,19681 31A Ave,Langley,V2Z 0B2,778-708-5881,,
Blueridge Blossom Group Daycare,2591 Belloc St,North Vancouver,V7H 1H9,778-319-5150,,
Pamela's House,9525 College Street,Chilliwack,V2P 4S6,604-239-0111,,
A & B Daycare,6436 Malvern Ave,Burnaby,V5E 3G1,778-995-2628,,
Under The Sea Childcare,1369 Kenney St,Coquitlam,V3E 2R2,604-375-6726,,
Sprout & Shine Academy,3240 Oxford Street,Port Coquitlam,V3B 4C7,236-765-7868,,
Puddle Hoppers Childcare Hp Inc,11900 Haney Pl,Maple Ridge,V2X 8R9,778-318-4055,,
Chefs Corner Childcare,101-15230 Hwy 10,Surrey,V3S 5K7,604-786-5990,,
Mighty Cubs Childcare Newton,14444 68A Ave,Surrey,V3S 2C2,672-515-6702,,
Golden Blooms Childcare Centre Ltd,2254 Irvine Ave,Port Coquitlam,V3C 3H2,778-994-8142,,
Kidzville Learning Centre - King George,204-6899 King George Blvd,Surrey,V3W 5A1,604-861-7861,,
Merseyside Early Learning Centre Inc.,401 Ewen Ave,New Westminster,V3M 5B5,778-899-0983,,
Goodwin Academy Triumph Daycare Centre Inc.,4 10468 Whalley Blvd,Surrey,V3T 4H5,604-724-0691,,
Arbutus Child Care & Fine Art Learning Center,4051 Macdonald St,Vancouver,V6L 2N8,778-891-1600,,
Wonderfolk Early Learning Centre,14511 Steveston Hwy,Richmond,V6W 1K2,604-370-0272,,
Ncs Child Care,7861 211A St,Langley,V2Y 0H4,236-989-9515,,
First Path Childcare,185 & 190-5665 Kingsway,Burnaby,V5H 2G4,778-688-2335,,
Kinderbees Early Learning Center (Surrey),110-9675 King George Blvd,Surrey,V3T 0T7,672-339-3318,,
Steveston Preschool,4320 Moncton St,Richmond,V7E 6T4,604-238-8088,,
Petite Academy Inc. Pre-K,102 - 631 Carnarvon St,New Westminster,V3M 1E3,778-773-5695,,
Riverdale Elementary School Basc,14835 108A Ave,Surrey,V3R 1W9,604-502-6243,,
Riverside Childcare Centre,3610 B Westwood St,Port Coquitlam,V3B 4S8,778-985-9215,,
Acg Early Learning Center #1,4916 Imperial St,Burnaby,V5J 1C6,778-955-7181,,
Alphablocks Childcare,13711 63B Ave,Surrey,V3X 3J7,604-783-5983,,
Tzu Chi Great Love Daycare,9871 Finn Rd,Richmond,V7A 2L3,604-284-1700,,
Pink Bunny Daycare Ltd,207 Pembina St,New Westminster,V3M 5J1,604-600-7486,,
Creator Childcare Learning Center,6390 Selkirk St,Chilliwack,V2R 2L7,778-594-4449,,
Rail & Sail Montessori House,11 22111 Sharpe Ave,Richmond,V6V 2V6,604-649-1351,,
Wibble Wobble Learning,8346 Noble Road,Chilliwack,V2P 6R5,778-246-5513,,
Tweety Blue Bird,3624 W 3Rd Ave,Vancouver,V6R 1L9,604-809-0505,,
Fun And Learn Day Care Centre,7811 148Th St,Surrey,V3S 3G1,778-990-1871,,
Kidsrus Early Learning Center Langara,227 E 49Th Ave,Vancouver,V5W 2G4,604-767-0439,,
Green Trails Montessori Daycare - Surrey,103 - 10216 128Th St,Surrey,V3T 2Z3,250-616-4780,,
Lahso Child Care Infant & Toddler,14581 17 Ave,Surrey,V4A 5V8,778-922-1881,,
Whalley Day Care Ltd. #4,10591 133Rd St,Surrey,V3T 3Z2,604-581-0237,,
Maple Leaf Montessori Children's Centre,3440 271B St,Aldergrove,V4W 3H3,604-351-8953,,
Connections Kids Club - Spul'u'kwuks,5999 Blanshard Drive,Richmond,V7C 5V4,604-271-7600,,
Tiny Wonders Childcare Centre Inc,22943 122Nd Ave,Maple Ridge,V2X 3Y3,902-989-7508,,
Luv Dale Childcare Centre,12953  74 Avenue,Surrey,V3W 7K7,250-792-9655,,
Lululala Childcare,109 - 20110 Lougheed Hwy,Maple Ridge,V2X 0P5,236-516-0026,,
Tendernest Child Care,11351 154A,Surrey,V3R 2V7,778-866-9972,,
Giggles & Dimples Daycare Cloverdale,5681 177B St,Surrey,V3S 4J2,604-561-0409,,
Kid Nest Daycare,8531 Leslie Rd,Richmond,V6X 1E6,778-995-0583,,
Beautiful Days Child Care Center,4732 Maitland St,Burnaby,V5H 1N2,778-987-0415,,
Five Stars Daycare Centre Inc,6605 140 St,Surrey,V3W 5J3,778-891-5457,,
New Adventures Childcare Center,19066 69A Ave,Surrey,V4N 0A5,778-387-8145,,
Rocky Point Montessori 2,2707 Clarke St,Port Moody,V3H 1Z5,604-619-5308,,
Brilliant Minds Academy Ltd.,6420 Maple Rd,Richmond,V7E 1G5,604-447-2955,,
Kindertopia Early Learning,100-2188 Austin Ave,Coquitlam,V3K 3R8,604-492-3335,,
Kits Star's Childcare Center,2764 West 10Th Ave,Vancouver,V6K 2J9,778-889-9654,,
Acg Academic,B-7569 Royal Oak Ave,Burnaby,V5J 4J8,778-955-7181,,
Jolly Sprouts Childcare Centre - 64Th Avenue,286 64Th Ave E,Vancouver,V5X 2M6,604-833-7191,,
Tree Of Life Daycare Inc.,4381 46 A Street,Delta,V4K 2M2,778-878-7933,,
Kids Kingdom Childcare,101-2545 mccallum Rd,Abbotsford,V2S 3R1,604-217-3086,,
Joyland Daycare,517 Draycott St,Coquitlam,V3J 6M4,778-317-6856,,
Happy Kids Castle Daycare,957 Brunette Ave,Coquitlam,V3K 1E2,672-971-7979,,
Niam Childcare Corporation,1524 Fintry Place,North Vancouver,V7R 4M3,604-808-4547,,
Mumta Childcare,27150 35B Ave,Langley,V4W 0C3,778-316-6490,,
Maple Montessori Childcare Corporation,22461 North Ave,Maple Ridge,V2X 2M1,778-706-2000,,
Maple Montessori Childcare Corporation,22463 North Ave,Maple Ridge,V2X 2M1,778-706-2000,,
Max'inux Childcare - Garrison,1-5725 Vedder Rd,Chilliwack,V2R 3N4,604-786-5990,,
Kidshub Academy,2932 Brixham Rd,North Vancouver,V7H 1C4,604-363-9692,,
Pars Centre,1405 Bewicke Ave,North Vancouver,V7M 3C7,778-681-6270,,
Hikids Learning Center,11061 160 St,Surrey,V4N 1J2,778-552-8284,,
Bright Owlets Childcare And Learning Centre 4,1005 E 58Th Ave,Vancouver,V5X 1W8,604-225-9240,,
Sunny Town Village,5008 47A Ave,Delta,V4K 1T8,778-873-5008,,
Caring Cubs Child Care Centre,22535 Lougheed Hwy,Maple Ridge,V2X 2V2,604-621-3077,,
1 Children's Choice Daycare Ltd.,11723 75A Ave,Delta,V4C 1J6,604-715-0782,,
Aurora Bay Academy Limited,2358 Rindall Ave,Port Coquitlam,V3C 1V2,778-998-2020,,
"Somewhere To ""Grow"" Montessori Childcare Centre",1320 Seventh Ave,New Westminster,V3M 2K1,778-578-0329,,
Fraser Heights Out Of School Care/Tiny Tots Day School Prog,15783 106 Ave,Surrey,V4N 1K5,604-582-1335,,
Gordon Neighbourhood House Out Of School Care,1019 Broughton St,Vancouver,V6G 2A7,604-875-9111,,
Mount Pleasant Neighbourhood House Group Day Care,800 Broadway E,Vancouver,V5T 1Y1,604-875-9111,,
Mount Pleasant Neighbourhood House Preschool,800 Broadway E,Vancouver,V5T 1Y1,604-879-8208,,
Frog Hollow  Neighbourhood House's Kids World,2131 Renfrew St,Vancouver,V5M 4M5,604-875-9111,,
Frog Hollow Neighbourhood House’S Nootka Group Child Care,3375 Nootka St,Vancouver,V5M 3N2,604-875-9111,,
Carnarvon Community Preschool,3350 Balaclava St,Vancouver,V6L 2S6,604-731-7007,,
Jellybean Park Junior Campus,2110 4700 Kingsway,Burnaby,V5H 4M1,604-539-9898,,
Martha Currie Out Of School Care,5811 184 St,Surrey,V3S 4N2,604-598-7967,,
Graham Bruce School Age Child Care Centre,3633 Tanner St,Vancouver,V5R 5P7,604-435-0323,,
Douglas Park School Age Care,801 22Nd Ave W,Vancouver,V5Z 1Z8,604-257-8134,,
Club K.I.D.S. Esr,33419 Cherry Ave,Mission,V2V 2V5,604-820-5360,,
Jcc Shalom Yeladim Daycare,950 41 Ave W,Vancouver,V5Z 2N7,604-257-5162,,
Sportsplex Daycare,100 20165 91A Ave,Langley,V1M 3A2,604-882-1611,,
Little Mountain Child Development Centre,425 29 Ave E,Vancouver,V5V 2R8,604-879-7104,,
Bonnycastle Montessori Daycare,14630 107A Ave,Surrey,V3R 1V1,604-339-7052,,
Bonnycastle Multi-Age,14642 107A Ave,Surrey,V3R 1V1,604-339-7052,,
Rise & Shine Montessori,3440 Moresby Dr,Richmond,V7C 4G5,604-275-7655,,
Li'l Acorn Childcare,2527 Gladwin Rd,Abbotsford,V2T 3N8,604-853-9376,,
Fraser Heights Montessori Children's Centre,103-16814 104 Ave,Surrey,V4N 4L8,604-588-3455,,
Ladner Animal Crackers,5160 Central Ave,Delta,V4K 2H2,604-940-0327,,
North Creek Montessori Preschool,#108-1500 Howe St,Vancouver,V6Z 2N1,604-385-5808,,
Lesco Montessori Daycare,12720 Cameron Dr,Richmond,V6V 2T6,604-279-4228,,
mcgregor Child Care Centre (3 - 5 Gdc),1155 Broadway E,Vancouver,V5T 4V5,778-783-5147,,
Shannon Day Care,290 1200 West 73Rd Ave,Vancouver,V6P 6G5,604-263-3421,,
Khalsa Childcare Centre Kps,6962 124 St,Surrey,V3W 3W7,604-594-0553,,
Douglas College Ece Center (New Westminster),Room 2814 - 700 Royal Ave,New Westminster,V3L 5B2,604-527-5632,,
Shaughnessy Heights Out Of School Care,1550 33Rd Ave W,Vancouver,V6M 1A7,604-261-6711,,
The Open Door,2390 mcmillan Rd,Abbotsford,V2S 7R3,604-859-8406,,
Jericho Kids' Club 3 (Southlands),5351 Camosun St,Vancouver,V6N 2C4,604-736-4080,,
Nancy's House,3525 Fairmont Rd,North Vancouver,V7R 2W8,604-980-4244,,
Jumpstart Preschool,6350 Marine Dr,West Vancouver,V7W 2S5,604-787-4588,,
True Light Montessori Children's Centre,5120 Blundell Rd,Richmond,V7C 1H4,604-271-7131,,
Good Shepherd Daycare,7416 Victoria Dr,Vancouver,V5P 3Z3,604-325-8299,,
Over The Rainbow - Regan / Cavalry Baptist Church,1636 Regan Ave,Coquitlam,V3J 3B8,604-939-2726,,
Rpc Out Of School Care,9300 Westminster Hwy,Richmond,V6X 1B1,604-278-3264,,
Renaissance Kids,1 12491 No 2 Rd,Richmond,V7E 2G3,604-241-0141,,
Kid'n Around Childrens Centre,20997 40 Ave,Langley,V3A 8N9,604-533-3757,,
Sugar Fountain Day Care,7846 143 St,Surrey,V3W 9W3,604-502-7846,,
Bella Balloon Childcare Center (Under 36 Months),515 Windsor Rd W,North Vancouver,V7N 2N7,604-354-2019,,
Chaoyin Bilingual Academy,10111 Bird Rd,Richmond,V6X 1N4,778-883-6138,,
Marzanna's Montessori Preschool,4824 Commercial St,Vancouver,V5N 4H1,604-871-0620,,
Maison Montessori Child Care,13444 Amblewood Dr,Surrey,V4A 6M3,604-531-2124,,
Societe De La Garderie V'la L'bon Vent,5445 Baillie St,Vancouver,V5Z 3M6,604-261-4243,,
Little Friends Children's Center #1,10808 157 St,Surrey,V4N 1C4,778-385-4120,,
Meadow Ridge Centre For Child Care,5-21409 Lougheed Hwy,Maple Ridge,V2X 2R8,604-466-1045,,
Our Lady Of Sorrows Pre-School,575 Slocan St,Vancouver,V5K 3X5,604-253-2434,,
Aird's Kidzone Learning Centre Ltd,5025 12 Ave,Delta,V4M 2A7,604-943-9179,,
Country Care Child Care Centre (School Age),9500 Kilby Dr,Richmond,V6X 3N1,604-721-5672,,
Foxglove School Age Care,20011 44 Ave,Langley,V3A 6L8,604-786-6985,,
The Grove Out Of School Childcare Program,8525 Forest Grove Dr,Burnaby,V5A 4H5,604-420-5001,,
South Vancouver Neighbourhood House Out Of School Care,6470 Victoria Dr,Vancouver,V5P 3X7,604-875-9111,,
Discovery Station Preschool,20097 72 Ave,Langley,V2Y 1S7,604-533-5881,,
Kinder Kampus - Pleasantside Elementary School,195 Barber St,Port Moody,V3H 3A8,604-417-9109,,
Discovery Montessori Day Care,6211 Forsythe Cres,Richmond,V7C 2C4,604-807-9796,,
Coquitlam River Out Of School Care,4250 Shaughnessy St,Port Coquitlam,V3E 3E5,604-764-0287,,
Forget-Me-Not Montessori School,6184 Ash St,Vancouver,V5Z 3G9,604-324-1035,,
Nsnh - Cleveland Kids' Club,1255 Eldon Rd,North Vancouver,V7R 1T5,604-987-8138,,
Maranatha Kids Care,3580 Clearbrook Rd,Abbotsford,V2T 5C1,604-859-8405,,
Noah's Ark School,11371 No.3 Rd,Richmond,V7A 1X3,778-990-3520,,
A:Lmelhawtxw Early Education Centre,9-7201 Vedder Rd,Chilliwack,V2R 4G5,604-824-6505,,
Little Twinkle Preschool/Out Of School Care (Mount Lehman),3551 Crestview Ave,Abbotsford,V2T 6Y5,604-614-5562,,
Montessori And More Learning Centre,2475 Franklin St,Vancouver,V5K 1X3,604-312-0365,,
Connections Kids Club - Caulfeild,4685 Keith Rd,West Vancouver,V7W 2M8,604-271-7600,,
Harvest Montessori School,120-8740 Alexandra Rd,Richmond,V6X 1C4,604-278-6228,,
Blue Whale Children's Learning Centre,8060  No.1 Rd,Richmond,V7C 1T9,604-754-7666,,
Blueridge Childcare,3459 Goldfinch St,Abbotsford,V2T 6Y5,604-870-8878,,
Highland Meadows Day Care,8286  197Th St,Langley,V2Y 1Z1,604-888-1030,,
Evergreen Child Care Centre,1185 Centre St,White Rock,V4B 4C8,604-531-8045,,
Fleetwood Place Children's Centre,16011 83 Ave,Surrey,V4N 0N2,604-598-5437,,
Burquitlam Childcare,9847 Lyndhurst St,Burnaby,V3J 1E9,604-421-2919,,
Kids In The Grove Daycare (Topham),21555 91 Ave,Langley,V1M 3Z3,604-888-2713,,
Evergreen Montessori Preschool,3860 Trafalgar St,Vancouver,V6L 2M4,604-736-8373,,
Cottonwoods Child Care Centre,23588 Jim Robson Way,Maple Ridge,V2W 1B8,604-463-4003,,
Creative Art Montessori School,12551 Jensen Dr,Richmond,V6V 2R9,604-270-6996,,
Treasure Island Out Of School Care Ii,4550 Kitchener St,Burnaby,V5C 3M7,604-723-1837,,
Service De Garde Les Copains,Service De Garde V'la L'bon Vent,Vancouver,V5Z 3M6,778-239-9027,,
West End Kids Care,870 Denman St,Vancouver,V6G 2L8,604-257-8464,,
Sunrise Discovery Centre,18690 60 Ave,Surrey,V3S 8L8,604-575-4727,,
Inspiring Minds Preschool (Guildford),15670  104 Ave,Surrey,V4N 2J3,604-968-3888,,
"Service De Garde ""Le Parasol""",7051 Killarney St,Vancouver,V5S 2Y5,778-222-8670,,
Prematernelle La Coccinelle,6887 132 St,Surrey,V3W 4L9,604-599-6880,,
Douglas Road Neighbourhood Care,4861 Canada Way,Burnaby,V5G 1L7,604-298-7094,,
Learn & Play Preschool,1237 Beedie Dr,Coquitlam,V3E 1C3,604-464-9656,,
La Prematernelle Francophone Trottin-Trottinette,380 Kings Rd W,North Vancouver,V7N 2L9,778-340-1034,,
First Choice Montessori Pre-School,201 15225 98Th Ave,Surrey,V3R 1J2,604-828-4451,,
Curious Minds Learning Centre - Eric Langton,12138 Edge St,Maple Ridge,V2X 6G8,604-690-2273,,
Westwood Montessori Out Of School Care,1420 Pinetree Way,Coquitlam,V3E 2T6,604-765-0966,,
South Slope Out Of School Care,4446 Watling St,Burnaby,V5J 5H3,604-419-0806,,
Montessori World Daycare,75 43Rd Ave E,Vancouver,V5W 1S7,604-325-3301,,
Meadowbrook Players,900 Sharpe St,Coquitlam,V3C 3M3,604-338-8943,,
Queen's Park Daycare,131 Third St,New Westminster,V3L 2R1,604-521-5680,,
Our Lady Of Good Counsel Child Care Facility,10504 139 St,Surrey,V3T 4L5,604-581-3154,,
Rainbows And Unicorns Preschool,5140 Smith Dr,Richmond,V6V 2W5,604-204-8655,,
St. Francis Xavier Montessori Preschool,428 Great Northern Way,Vancouver,V5T 4S5,604-254-2714,,
Club K.I.D.S. Albert mcmahon,32865 Cherry Ave,Mission,V2V 2V1,604-820-5360,,
Once Upon A Time Child Care Centre Inc,7268 Richardson Ave,Chilliwack,V2R 1H2,604-847-3017,,
Little Wonders Montessori Childcare Centre & Preschool Ltd,2884 Gladys Ave,Abbotsford,V2S 3Y2,604-853-9998,,
Young Buddies Club,13751 112 Ave,Surrey,V3R 2G4,604-644-1216,,
Kids Zone Pre-Kindergarten-Childcare-Out Of School,11601 Laity St,Maple Ridge,V2X 5A2,604-466-5704,,
Guru Nanak Child Care Centre,206-7938 128 St,Surrey,V3W 4G2,780-200-9242,,
New Horizon Montessori School Ltd.,1415 Noons Creek Dr,Coquitlam,V3E 2T7,604-552-7542,,
Lynnmour Creative Childcare Centre,1251 Lillooet Rd,North Vancouver,V7J 3H7,604-980-1212,,
Wind & Tide-Cedar,32860 Cherry Ave,Mission,V2V 2T9,604-617-3246,,
Morning Glory Montessori Children's Centre,9491 Ash St,Richmond,V7A 2T7,604-272-2821,,
Bright Star Montessori School Inc,7591 Gray Ave,Burnaby,V5J 3Z4,778-861-8876,,
5 Stars Day Care Centre,14443 58 Ave,Surrey,V3S 1Y3,604-543-8972,,
La Garderie/Prematernelle Les Moussaillons,8580 Kilgour Pl,Richmond,V7C 3R1,604-488-4235,,
Tiddlycove Montessori School,4773 Picadilly South,West Vancouver,V7W 1J8,604-204-7472,,
Watson Elementary - Just B4 Preschool,45305 Watson Rd,Chilliwack,V2R 2H5,604-614-6263,,
Poet’S Corner Academy Montessori Preschool,1356 Frederick Rd,North Vancouver,V7K 1J4,604-727-9445,,
Wise Owl Early Learning,4471 207A St,Langley,V3A 5V8,780-504-7860,,
La Garde Scolaire Les Matelots,8580 Kilgour Pl,Richmond,V7C 3R1,604-488-4235,,
Sonshine Place Preschool,6550 Sumas Prairie Rd,Chilliwack,V2R 4K1,604-823-6364,,
Daycare Plus Child Development Centre,2062 Esquimalt Ave,West Vancouver,V7V 1S4,604-913-1095,,
Strawberry Patch Child Care Centre Inc.,23422  47 Ave,Langley,V2Z 2S3,604-514-3150,,
Cornerstone Junior Kindergarten,32860 Downes Rd,Abbotsford,V2S 5Z5,604-859-7867,,
Central Montessori Child Care - Site B,8191 St. Albans Rd,Richmond,V6Y 2L2,604-618-2880,,
Central Montessori Child Care - Site C,8191 St. Albans Rd,Richmond,V6Y 2L2,604-618-2880,,
Hampton Park Bilingual Montessori Inc.,1760 Paddock Dr,Coquitlam,V3E 3N8,604-468-9934,,
Dunbar Kids Club,3776 28Th Ave W,Vancouver,V6S 1S6,604-875-9111,,
Nsnh - Capilano Kids' Club,1230 20Th St W,North Vancouver,V7P 2B9,604-987-8138,,
B & D Montessori Learning Academy Ltd. (Coq),1187 Eagleridge Dr,Coquitlam,V3E 1J8,604-464-6447,,
Richmond Christian School Early Learning,5240 Woodwards Rd,Richmond,V7E 1H1,604-272-5720,,
Abbotsford Christian School Childcare Preschool & Seamless D,3939 Old Clayburn Rd,Abbotsford,V3G 1J9,604-755-8106,,
Delta Christian School,4789 53 St,Delta,V4K 2Y9,604-946-2514,,
Crystal Star Day Care,10631 Gilmore Cres,Richmond,V6X 1X3,604-276-9816,,
Little Cedar Montessori Children's Community,1530 22Nd Ave E,Vancouver,V5N 2P1,604-872-3303,,
La Prematernelle Francophone Trottin-Trottinette(School Age),380 Kings Rd W,North Vancouver,V7N 2L9,778-340-1034,,
Kid's Castle Group Day Care,9422 156 St,Surrey,V3R 5Z2,604-580-0411,,
Child's View Childrens' Centre,1577 128 St,Surrey,V4A 3V1,778-888-0739,,
Wee Saints Preschool & School Age Care,17511 59 Ave,Surrey,V3S 1P3,604-683-0281,,
"Panda Bear Children's Place ""Panda Kids""",1215 Falcon Dr,Coquitlam,V3E 1X9,604-862-1302,,
Sowing Seeds Preschool,7086 124Th St,Surrey,V3W 3W8,604-594-4098,,
Reach For The Stars Montessori Ii,3606 Nanaimo St,Vancouver,V5N 5H1,604-688-7827,,
Bethany Child Care Centre,22680 Westminister Hwy,Richmond,V6V 1B7,604-519-0133,,
Sweet Peas Cottage Creekside,250 400 Brooksbank Ave,North Vancouver,V7J 2C2,604-988-9989,,
Bonnie Bairns Childcare Services Inc.,2260 Philip Ave,North Vancouver,V7P 2W8,604-983-2600,,
St. Edmund's Discovery Preschool & School Age Care,324 5Th St W,North Vancouver,V7M 1K3,604-988-3141,,
Little Paris Daycare,123 East 23Rd St,North Vancouver,V7L 3E2,604-418-0904,,
Bella Balloon Childcare Centre,515 Windsor Rd W,North Vancouver,V7N 2N7,604-354-2019,,
Little Friends Children's Center #2,10752 157 St,Surrey,V4N 1K6,778-385-4120,,
Yu's Montessori School In Burnaby,380 Hythe Ave S,Burnaby,V5B 3H9,604-866-2904,,
Bonny Castle Children's Center - 3,10706 148 St,Surrey,V3R 3X6,778-889-8472,,
Murrayville Academy Out Of School Care,21488 Old Yale Rd,Langley,V3A 4M8,604-533-5664,,
Nagin's Daycare,450 Joyce St,Coquitlam,V3K 4G4,604-936-0777,,
First Choice  Montessori #2,101 8824 144 St,Surrey,V3V 5Z7,604-828-4451,,
West Vancouver Playschool,1150 22Nd St,West Vancouver,V7V 4C4,604-922-4214,,
Mei Elementary Preschool,31655 Downes Rd,Abbotsford,V4X 2M8,604-859-3700,,
Green Apple Daycare Coquitlam,1504 Sprice Ave,Coquitlam,V3J 2P6,604-931-5595,,
Tree House Children's Centre,5696 Unsworth Rd,Chilliwack,V2R 5L1,604-824-1234,,
Bright Eyes Academy Inc,4629 51 St,Delta,V4K 2V8,604-946-0896,,
Poco Happy Times Preschool,1761 Westminster Ave,Port Coquitlam,V3B 1E5,604-941-8286,,
Clinton Neighbourhood Care,5858 Clinton St,Burnaby,V5J 2M3,604-435-1222,,
Glenbrooke Daycare,320 8Th Ave,New Westminster,V3L 1Y2,604-522-0666,,
University Hill Preschool,5210 University Boulevard,Vancouver,V6T 2H5,604-228-8610,,
Global Montessori Learning Center,19785 55 A Ave,Langley,V3A 3X1,604-534-1556,,
Noel Booth Child Care,20202 35Th Ave,Langley,V2Z 1A2,604-218-6506,,
The Montessori Children's Community,4950 Heather St,Vancouver,V5Z 3L9,604-261-0864,,
David Brankin Pre-K,9160 128Th St,Surrey,V3V 5M8,604-598-7965,,
Pacific Academy Preschool And Childcare,Rm 8 - 10238 - 168Th St,Surrey,V4N 1Z4,604-581-0132,,
Kids R Kool Childcare,9175 206Th St,Langley,V1M 2X2,604-318-0132,,
Children Of Integrity Montessori Childcare Academy,2541 Quay Pl,Coquitlam,V3H 3S7,778-840-0764,,
Fantasy Island At Beth Tikvah,9711 Geal Rd,Richmond,V7E 1R4,778-837-6262,,
Kids In Paradise,25-1835 56 St,Delta,V4L 2L9,604-948-5436,,
A To Z Childcare Centre,8613 162 St,Surrey,V4N 1A9,604-719-6736,,
Wind & Tide Preschool - Parklands,9574 160 St,Surrey,V4N 2R6,604-575-0549,,
Promontory Hummingbird Child Care Centre,2 46170 Stoneview Dr,Chilliwack,V2R 5W8,604-824-9907,,
Coastal Preschool,1160 W Georgia St,Vancouver,V6E 3H7,604-684-8475,,
Childfirst Childcare,3800 No. 5 Rd,Richmond,V6X 2T7,604-276-8906,,
Bee House Montessori Day Care Ii,3855 Sunset St,Burnaby,V5G 1T4,604-814-4584,,
First Steps Daycare,675 Blue Mountain St,Coquitlam,V3J 4R5,604-931-0691,,
Port Coquitlam Daycare,3156 Coast Meridian Rd,Port Coquitlam,V3B 5J8,604-941-9206,,
North Rd Montessori Child Care,2781 North Rd,Burnaby,V3J 1R5,604-444-3787,,
Sandcastle Park Children's Centre,8 3060 Chatham St,Richmond,V7E 6L9,604-274-8380,,
Cefa Walnut Grove,100-19950 88 Ave,Langley,V1M 0A5,604-306-1415,,
Kid's Castle Children's Center,15893 91St Ave,Surrey,V4N 2X4,604-580-0411,,
Kidzrock Childcare,16718 60Th Ave,Surrey,V3S 1J8,604-576-0202,,
Educastle Childcare Learning Centre,270 3020 Lincoln Ave,Coquitlam,V3B 6B4,604-942-2273,,
In-Joy Montessori Children's Centre,6808 Beresford St,Burnaby,V5E 4M6,778-688-4585,,
Dino-Mites Preschool,4071 Francis Rd,Richmond,V7C 1J8,604-272-2423,,
In-Joy Montessori Children's Center,5375 Gilpin St,Burnaby,V5G 2H8,778-688-4585,,
Little Mountain Montessori School,304 26Th Ave E,Vancouver,V5V 2H5,604-709-9621,,
Kids World Day Care And Learning Centre,6942 202B St,Langley,V2Y 1P7,416-938-8024,,
Kitchener School Age Care,1351 Gilmore Ave,Burnaby,V5C 4S8,604-526-2522,,
Wonder Corner Childcare Centre,13126 66B Ave,Surrey,V3W 7S5,604-512-0406,,
Promontory Hummingbird Child Care Centre,1 46170 Stoneview Dr,Chilliwack,V2R 5W8,604-824-9907,,
Growing Together Children's Centre,32981 Brundidge Ave,Abbotsford,V2S 1N4,604-853-5618,,
Kids Village,588 Cottonwood Ave,Coquitlam,V3J 2S2,604-931-8138,,
Jellybean Park International Campus,452 4800 Kingsway,Burnaby,V5H 4M1,604-539-9898,,
Special Times Out Of School Care,1819 Berkley Rd,North Vancouver,V7H 1Y9,604-812-4449,,
Murrayville Academy And Early Learning Centre,21514 Old Yale Rd,Langley,V3A 4M8,604-532-5667,,
Cypress Park Playschool,4355 Marine Dr,West Vancouver,V7V 1P2,604-922-4214,,
Bloom Childcare Centre & Fine Arts Preschool,32811 Dewdney Trunk Rd,Mission,V2V 6X6,604-820-8465,,
Lcs Early Learning Programs,22930 48 Ave,Langley,V2Z 2T7,604-533-2222,,
Small Steps Childcare Inc.,22165 Dewdney Trunk Rd,Maple Ridge,V2X 3H7,604-467-6014,,
Nsnh - Westview Out Of School Care,Flr-641 17Th St W,North Vancouver,V7M 0A1,604-987-8138,,
Little Oak Montessori School,3403 49Th Ave E,Vancouver,V5S 1M1,604-728-8635,,
Lochdale Neighbourhood Care,6990 Aubrey St,Burnaby,V5B 2E5,604-431-0400,,
Glenwood Childcare Centre,1610 Westminster Ave,Port Coquitlam,V3B 1E2,604-944-0850,,
Cloverdale Discovery Centre,17673 58 Ave,Surrey,V3S 1L5,604-575-4727,,
Parkway Village Childcare Two,1150 Mt Seymour Rd,North Vancouver,V7G 1R6,604-929-5520,,
Cherry Blossom Montessori,4440 Blundell Rd,Richmond,V7C 1G9,778-829-1441,,
Honeybees Child Care Center,121A 2099 Lougheed Hwy,Port Coquitlam,V3B 1A8,604-949-1001,,
Panorama Group Daycare,2625 Panorama Dr,Coquitlam,V3E 2W1,604-468-4030,,
Kidzrock @ Latimer Road,19233 60Th Ave,Surrey,V3S 2T5,604-576-0202,,
Willowbrook Montessori Daycare - Gordon Campus,20317 67Th Ave,Langley,V2Y 1P6,604-533-5469,,
Kids In The Grove Daycare (West Langley),9403 212 St,Langley,V1M 1M1,604-882-2779,,
Mamalina's Primary Montessori Childcare Centre,4317 Gallant Ave,North Vancouver,V7G 2C1,604-924-1253,,
Summerhill Montessori,1600 Cliff Ave,Burnaby,V5A 2K2,604-294-0240,,
Our Lady Of Fatima Early Learning Center & Before/After Care,315 Walker St,Coquitlam,V3K 4C7,604-936-4250,,
Monkey Tree Montessori Preschool,1394 Nanaimo St,Vancouver,V5L 4T6,604-677-8339,,
Mount Pleasant Nbrhd House Before & After School Care (Bac),2740 Guelph St,Vancouver,V5T 3P7,604-875-9111,,
Nature's Playground Daycare,17490 61B Ave,Surrey,V3S 4R8,778-228-9723,,
Friendship Corner Daycare,2950 Dewdney Trunk Rd,Coquitlam,V3C 2J4,604-945-8504,,
Start Smart Childcare Centre,22610 Dewdney Trunk Rd,Maple Ridge,V2X 3J9,604-463-4439,,
Pebbles Aftercare Learners,15262 Pacific Ave,White Rock,V4B 1P7,778-919-3797,,
Imagination Station Childcare Centre-Fraserview,11485 227 St,Maple Ridge,V2X 9V1,604-614-6856,,
Mira's Happy House,2705 Lonsdale Ave,North Vancouver,V7N 3J2,604-723-1494,,
Happy Child Daycare & Learning Centre,4685 Underwood Pl,North Vancouver,V7K 3A3,604-982-9121,,
C&S Child Care,4625 62Nd St,Delta,V4K 3L8,604-809-7558,,
Gingerbread House Day Care,3350 54Th Ave E,Vancouver,V5S 1Z3,604-433-4819,,
Tender Love & Care Daycare,9333B 120A St,Surrey,V3V 7G6,604-585-4321,,
Over The Rainbow - Austin,2600 Austin Ave,Coquitlam,V3K 6C4,604-939-2726,,
A To Z Childcare Centre #2,16128 86B Ave,Surrey,V4N 1B1,604-598-9251,,
Langley Forest School,8870 Glover Rd,Langley,V1M 2R9,604-888-8555,,
Norquay School Age Child Care,4710 Slocan St,Vancouver,V5R 2A1,604-435-0323,,
Bolivar Heights Early Learning Centre,11286 Roxburgh Rd,Surrey,V3R 9J3,604-951-4700,,
Kiddie Kollege Langley,20103 53 Ave,Langley,V3A 3T8,604-530-0311,,
Little Jj's Group Childcare Ltd.,343 8Th Ave E,New Westminster,V3L 4K7,604-525-1678,,
Jellybean Park - Langley Campus,2-19615 Willowbrook Dr,Langley,V2Y 1A5,604-539-9898,,
Mr. Moose's Childcare Learning Centre Ltd.,32130 Hillcrest Ave,Abbotsford,V2T 1P8,604-853-2769,,
Rainforest Learning Centre Inc. – Coquitlam,101 511 Rochester Ave,Coquitlam,V3K 0A2,778-355-0555,,
Honey Bear Childcare Ltd,14214 102 Ave,Surrey,V3T 5A5,604-306-4073,,
Yukon Crescent Children's Centre,2123 Yukon Cres,Burnaby,V5C 0B1,604-526-2522,,
Little Acorns Junior Kindergarten & Child Care,1554 Stevens St,White Rock,V4B 4Y5,604-828-4451,,
St. Mary's School,8909 Mary St,Chilliwack,V2P 4J4,604-683-0281,,
Aubrey Daycare Centre,6409 Aubrey St,Burnaby,V5B 2C9,604-677-0012,,
Fraser Heights Out Of School Care #3/Smarties,17070 102 Ave,Surrey,V4N 4N6,604-582-1335,,
Discovery Before & After School Care,6211 Forsyth Cres,Richmond,V7C 2C4,604-807-9796,,
Richmond Christian School,5240 Woodwards Rd,Richmond,V7E 1H1,604-723-6622,,
Bright Eyes Academy Inc At Holly,4669 62 St,Delta,V4K 3L8,604-940-5999,,
Creative Adventures Out Of School Care,11511 King Rd,Richmond,V7A 3B5,604-926-8003,,
The Panther Pen After School Care,46200 Stoneview Dr,Chilliwack,V2R 5W8,604-858-2999,,
Arbutus Montessori Child Care Centre,2636 Oliver Cres,Vancouver,V6L 1S7,604-760-0947,,
Rosser Children's Centre,4375 Pandora St,Burnaby,V5C 2B6,604-526-2522,,
The Rainbow Connection Children's Centre At Pebble Hill,246 52A St,Delta,V4M 2Z8,604-250-3480,,
Bcca Kids Club,1019 Fernwood Ave,Port Coquitlam,V3B 5A8,604-942-3746,,
Club K.I.D.S. Hatzic,8465 Draper St,Mission,V2V 5V6,604-820-5360,,
Imagination Station Childcare Centre-Silverdale,29715 Donatelli Ave,Mission,V4S 1H6,604-614-6856,,
South Surrey Recreation Centre,14601 20 Ave,Surrey,V4A 9P5,604-598-7967,,
Guildford Recreation Centre Preschool,15105 105 Ave,Surrey,V3R 7G8,604-598-7967,,
Fleetwood Communtiy Centre Pre-K,15996 84 Ave,Surrey,V4N 0W1,604-598-7967,,
Cougar Creek Preschool,12236 70A Ave,Surrey,V3W 4Z8,604-598-7967,,
Le Soleil Montessori Children's House,6318 Tyne St,Vancouver,V5S 4L8,604-436-1223,,
Fraser Heights Smarties Group Daycare,15720 106 Ave,Surrey,V4N 1K5,604-582-1335,,
Little Kids Kingdom,15046 68 Ave,Surrey,V3S 2B7,778-565-3117,,
Creative Adventures Day Care,11511 King Rd,Richmond,V7A 3B5,604-926-8003,,
Tadpole Academy Child Care Center,9766 Oak St,Chilliwack,V2R 3T7,604-751-5363,,
Meadowridge School - Junior Kindergarten & School Age Care,12224 240 St,Maple Ridge,V4R 1N1,604-467-4444,,
Khalsa Childcare Centre Oyr,10677 124 St,Surrey,V3V 0B1,604-594-0553,,
Happy May Child Care Centre,8660 Garden City Rd,Richmond,V6Y 2P5,604-218-6581,,
Windmill Children's House Infant/Toddler,9500 Alberta Rd,Richmond,V6Y 1T6,604-266-3111,,
Cloverdale Ball Park Children's Centre,17333 61A Ave,Surrey,V3S 1W3,604-598-7967,,
Aubrey Daycare Centre,947 Sperling Ave,Burnaby,V5B 4H7,604-677-0012,,
Rhema Childcare Centre Ltd.,7381 Curtis St,Burnaby,V5A 1K1,604-299-4817,,
Curious Minds Learning Centre Ltd,21410 Glenwood Ave,Maple Ridge,V2X 3P6,604-463-2002,,
Bee Happy Child Care Centre,9311 Patterson Rd,Richmond,V6X 1P8,604-270-4824,,
Learning Tree Montessori Day Care,22215 Garratt Dr,Richmond,V7V 2P4,604-527-4068,,
"1,2,3, A.B.C. Montessori Infant/Toddler Center",737 Poirier St,Coquitlam,V3J 6B8,604-931-7206,,
New Hope Out Of School Child Care,2551 49Th Ave E,Vancouver,V5S 1J6,604-321-6130,,
Deer Lake Child Care,5135 Sperling Ave,Burnaby,V5E 2T2,604-294-4988,,
Douglas College Early Childhood Education Center (Coquitlam),1250 Pinetree Way,Coquitlam,V3B 7X3,604-777-6101,,
St. Catherine's Daycare,1058 Ridgewood Dr,North Vancouver,V7R 1H8,604-980-1326,,
Hobby Hill Parent Participation Preschool,5650 Teskey Way,Chilliwack,V2R 4V8,604-858-5579,,
Poet’S Corner Academy,1356 Frederick Rd,North Vancouver,V7K 1J4,604-988-2438,,
Kerrisdale Little Owl's Preschool,109 5851 West Boulevard,Vancouver,V6M 3W9,778-549-2520,,
Kid's Play Day Care Centre,12819 Old Yale Rd,Surrey,V3T 3A9,604-930-4800,,
St. Edmund's Discovery Preschool & School Age Care,324 East 5Th St,North Vancouver,V7M 1K3,604-988-3141,,
White Swan Montessori Education Centre,800 Egmont Ave,Coquitlam,V3J 4J8,604-931-7926,,
Cleveland Out Of School Care,1058 Ridgewood Dr,North Vancouver,V7R 1H8,604-928-4012,,
Buttons 'N Bows Childcare Inc.,20190 48 Ave,Langley,V3A 3L4,604-209-4340,,
Creatively Crafted Childcare - The Chill Zone,3760 Moresby Dr,Richmond,V7C 4G6,604-728-0570,,
Rpc Day Care,9300 Westminster Highway,Richmond,V6X 1B1,604-278-3264,,
Sunshine Children's Centre,13175 107 Ave,Surrey,V3T 2G2,604-580-2060,,
Kiddocare Infant/Toddler Centre,7595 10 Ave,Burnaby,V3N 2S1,604-230-6148,,
La Prematernelle Francophone Trottin-Trottinette(<36Months),380 Kings Rd W,North Vancouver,V7N 2L9,778-340-1034,,
Magic Years Child Development Center,2166 Drawbridge Close,Port Coquitlam,V3C 6H9,604-944-0142,,
Love-It Care,20131 69 Ave,Langley,V2Y 2Y2,604-514-4911,,
Morgan Creek Montessori Ltd,144-3388 Rosemary Heights Cres,Surrey,V3S 0K7,604-535-3596,,
Building Blocks Learning Centre,9060 212Th St,Langley,V1M 2B7,604-613-7910,,
Kidzville Learning Centre - Panorama,12996 60 Ave,Surrey,V3X 2L5,604-861-7861,,
Hazelmere Acres Preschool And Daycare,257 192 St,Surrey,V3S 9R9,604-536-6367,,
Tsawwassen Lf Preschool Ltd,5025 12 Ave,Delta,V4M 2A7,604-202-4711,,
Daisy Academy Montessori Preschool,8886 Hudson St,Vancouver,V6P 4N2,604-726-8003,,
Kid's World Out Of School Care,7505 Arbutus,Vancouver,V6P 5T3,604-269-6612,,
Kids World Puddlejumpers & Get Ready For School,7505 Arbutus,Vancouver,V6P 5T3,604-269-6612,,
Bethel Children's Hour,1-8920 Broadway,Chilliwack,V2P 5W1,604-794-7114,,
Sandbox Station Daycare,9574 160Th St,Surrey,V4N 2R6,604-771-6825,,
Smuyuq'wa' Lelum Ece Centre,4602 Blue Heron Dr,Tsawwassen,V4M 4G2,604-943-2112,,
Creative Explorer's Daycare,4  13570  78Th Ave,Surrey,V3W 8V3,604-725-7071,,
Panorama Ridge Children's Centre,6230 120 St,Surrey,V3X 1Y7,604-338-2107,,
Brightstart Children's Academy Ltd,1141 Riverwood Gate,Port Coquitlam,V3B 8A2,778-883-0529,,
Happy May Child Care Centre Iii,201-4751 Garden City Rd,Richmond,V6X 3M7,604-218-6581,,
Lil' Chickadees Infant/Toddler Child Care Centre,9620 Snowdon Ave,Richmond,V7A 2M1,604-271-2227,,
Morgan Point Children's Centre,3366 156A St,Surrey,V3Z 9Y7,604-760-6842,,
Sapphire Montessori Academia Inc,11315 75 Ave,Delta,V4C 1H4,604-999-8162,,
Aubrey Daycare Centre,949 Sperling Ave,Burnaby,V5B 4H7,604-677-0012,,
Cityreach Out Of School Care,2650 Slocan St,Vancouver,V5M 4E9,604-254-2489,,
Butterfly Progressive Montessori Preschool,7360 Lombard Rd,Richmond,V7C 3N1,604-241-2511,,
Club K.I.D.S. Cherry Hill - Room 35,32557 Best Ave,Mission,V2V 3T3,604-820-5360,,
Morning Glory Children's Centre,9491 Ash St,Richmond,V7A 2T7,604-272-2821,,
Msa Montessori Preschool,33676 St. Olaf Ave,Abbotsford,V4X 1T6,604-820-4987,,
Just For Kids,404  9025  158Th St,Surrey,V4N 2Y6,604-512-9020,,
Tyee Out Of School Care,3525 Dumfries St,Vancouver,V5N 3S5,604-875-9111,,
Tree House Children's Centre,5684 Unsworth Rd,Chilliwack,V2R 5L1,604-824-1234,,
Graham Montessori School,2-1001 Royal Ave,New Westminster,V3M 1K3,778-397-0191,,
Happy May Child Care Centre Iv,220-4751 Garden City Rd,Richmond,V6X 3M7,604-218-6581,,
Albion Active Kids Club,10031 240Th St,Maple Ridge,V2W 1G2,604-467-7453,,
Blueridge Out Of School Care,2650 Bronte Dr,North Vancouver,V7H 1M4,604-812-4449,,
Trafalgar Out Of School Care,4020 Trafalgar St,Vancouver,V6L 2M5,604-732-8220,,
"Somewhere To ""Grow"" Montessori Childcare Centre",6197 136 St,Surrey,V3X 1H4,778-578-0329,,
Somewhere To Grow Montessori Preschool,13590 62 Ave,Surrey,V3X 1H4,778-578-0329,,
Cameron Children's Centre,9838 Cameron St,Burnaby,V3J 0B4,604-526-2522,,
Garderie Tartine Et Chocolat,7051 Killarney St,Vancouver,V5S 2Y5,604-736-5056,,
Little Dreamers Childcare Ltd.,31321 Blueridge Dr,Abbotsford,V2T 6W2,604-614-5308,,
Discovery Childcare Centre,49 7411 12 Ave,Burnaby,V3N 2K2,778-397-2892,,
Tumble Kids Preschool,7888 200 St,Langley,V2Y 3J4,604-455-8908,,
Nsnh - Norgate Kids' Club,1295 Sowden St,North Vancouver,V7P 1L9,604-987-8138,,
Sunshine Corner Daycare,215 18Th Ave E,Vancouver,V5V 1E5,604-876-9722,,
Mum's Montessori Child Care Inc.,530 12Th St E,North Vancouver,V7L 2K4,604-986-1016,,
Don Christian Recreation Centre,6220 184Th St,Surrey,V3S 8E6,604-598-7967,,
Little Monsters Academy - Mountain View,4866 Fraser St,Vancouver,V5V 4H5,778-522-9406,,
Peaceful Bilingual Early Learning Centre,7360 Bridge St,Richmond,V6Y 2S7,604-998-7827,,
Gordon House Childcare,Gordon House Childcare,West Vancouver,V7V 4B9,604-786-2577,,
Gordon House Childcare,2104 Gordon Ave,West Vancouver,V7V 4B9,604-786-2577,,
Suncrest Neighbourhood Care,3883 Rumble St,Burnaby,V5J 1Z5,604-431-0400,,
Academics Prekindergarten,15300 Croydon Dr,Surrey,V3S 0Z5,778-294-2646,,
Tiny Wings Children's Centre,13047 24 Ave,Surrey,V4A 2G2,604-531-4718,,
Westerman Preschool,7626 122Nd St,Surrey,V3W 1H4,604-598-7967,,
Bright Stars Childcare,16390 82 Ave,Surrey,V4N 0N8,604-710-9437,,
Canyon Springs Montessori School & Childcare Centre,2910 Walton Ave,Coquitlam,V3B 2W3,604-945-0566,,
Guildford Childcare Centre,10553 148Th St,Surrey,V3R 3X7,778-386-3501,,
Hellokids Childcare Centre,1020 Ridgeway Ave,Coquitlam,V3J 1S5,604-261-9713,,
Circle Of Friends,140-8279 Saba Rd,Richmond,V6Y 4B6,604-233-8910,,
Crayon Box Learning Center,160-10811 No. 4 Rd,Richmond,V7A 2Z5,604-275-2332,,
Crayon Box Learning Center Inc.,160-10811 No. 4 Rd,Richmond,V7A 2Z5,604-275-2332,,
Wee Saints School Age,17475 59 Ave,Surrey,V3S 1P3,604-574-4363,,
Curiosity Grove - Walnut Grove,8889 Walnut Grove Dr,Langley,V1M 2N7,604-532-3540,,
Little Wise Ones Preschool,22200 Fraser Hwy,Langley,V3A 7T2,604-533-6173,,
The Good Shepherd Daycare,1320 Johnson St,Coquitlam,V3B 4T5,604-537-8100,,
The Beautiful Montessori Daycare,104-3242 Westwood St,Port Coquitlam,V3C 3L8,604-464-2202,,
Spare Time Connection,315 23Rd Ave E,Vancouver,V5V 1X6,604-875-1818,,
Happy Valley Montessori Children Centre Inc.,6091 Udy Rd,Richmond,V7C 2X8,604-897-3088,,
Starlight Learning Centre (Fraser Hwy),27336 Fraser Hwy,Aldergrove,V4W 3N5,604-607-0463,,
Highroad Children's Centre,8860 Broadway,Chilliwack,V2P 5W1,604-792-4680,,
Rise N Shine Childcare Center Inc.,16740 85 Ave,Surrey,V4N 4W3,604-779-1940,,
Khalsa Child Care Centre,30640 Blueridge Dr,Abbotsford,V2T 5W3,604-594-0553,,
Chuck Bailey Preschool,13458 107A St,Surrey,V3T 4B3,604-598-7967,,
The Maria Montessori School,8597 156 St,Surrey,V3S 3R8,604-597-0638,,
Baby Panda Childcare Centre,6060 Redfern Cres,Richmond,V7C 2V7,604-295-9100,,
Caring Hearts Child Care,1805 Aire Cres,Port Coquitlam,V3C 2W6,604-464-3399,,
Happy May Child Care Centre Ii,170-4751 Garden City Rd,Richmond,V6X 3M7,604-218-6581,,
5 Corners Day Care,13620 Grosvenor Rd,Surrey,V3R 5C9,604-496-5050,,
Little Harvard Learning Centre Ltd.,6985 142 St,Surrey,V3W 5N1,778-893-5437,,
A To Z Childcare Centre #4,15438 92Nd Ave,Surrey,V3R 5W1,604-719-6736,,
Ladybug Landing Preschool,31789 Thornhill Pl,Abbotsford,V2T 6Y3,604-850-2474,,
Caring Hearts Child Care,1854 Western Dr,Port Coquitlam,V3C 2X7,604-464-3399,,
Gokidz Child Services,106 2255 King George Blvd,Surrey,V4A 5A4,604-910-7968,,
Wonder Years Daycare - Murrayville,4748 222 St,Langley,V2Z 1B1,604-612-0439,,
Montessori Minds Childcare Centre Ltd #2,526 1310 Cariboo St,New Westminster,V3M 1X2,778-837-9496,,
Blueberry Field Child Care Inc. - Under 36 Months,9440 Williams Rd,Richmond,V7A 1H1,778-708-1751,,
St. Francis Xavier Montessori Child Care Centre-Daycare,428 Great Northern Way,Vancouver,V5T 4S5,604-356-7605,,
Les Petits Artistes Montessori Centre,3150 Ash St,Vancouver,V5Z 3C9,604-569-1206,,
Kiddyland Multiple Intelligence Children Centre,11331 Williams Rd,Richmond,V7A 1J2,604-241-2733,,
Little Birds Child Care Centre,14750 108 Ave,Surrey,V3R 1V8,778-394-3210,,
Creative Moments Childcare Centre,105 6977 128 St,Surrey,V3W 4E1,604-417-1135,,
Brightstart Children's Academy Ltd,1450 Johnson St,Coquitlam,V3E 2T1,778-883-0529,,
Reach For The Stars Montessori,3440 Boundary Rd,Burnaby,V5M 4A5,604-688-7827,,
Mountain View Childcare,2725 Lonsdale Ave,North Vancouver,V7N 3J2,604-723-1494,,
Bowen Child Care Centre,9160 Pauleshin Cres,Richmond,V7E 5X1,778-320-5758,,
Highlands Child Care,3150 Colwood Dr,North Vancouver,V7R 2R6,604-985-6958,,
Little Cedar School Age Care,1530 E 22Nd Ave,Vancouver,V5N 2P1,604-872-3303,,
North Vancouver Child Development Centre (Under 36 Months),1090 Berkley Rd,North Vancouver,V7H 1Y4,604-924-0222,,
North Vancouver Child Development Centre (Multi-Age),1090 Berkley Rd,North Vancouver,V7H 1Y4,604-924-0222,,
Frog Hollow Montessori House,529 Queens Ave,New Westminster,V3L 1K2,604-521-1355,,
Renaissance Kids,1-12491 No. 2 Rd,Richmond,V7E 2G3,604-241-0141,,
Mulgrave Early Learning Centre,2330 Cypress Lane,West Vancouver,V7S 3H9,604-922-3223,,
Rise N Shine Childcare Center Inc. #2,16784 80Th Ave,Surrey,V4N 0G9,604-779-1940,,
Smilestones Junior Kindergarten Inc.,4162 Norland Ave,Burnaby,V5G 3S8,604-298-9006,,
Cambridge Montessori Children's Centre,57 7Th Ave,New Westminster,V3L 1V9,778-668-7188,,
Happy Feet Childcare Centre,6550 Clinton St,Burnaby,V5E 1A4,604-808-7623,,
Glen Childcare,2977 Glen Dr,Coquitlam,V3B 2P7,778-285-3589,,
Kiddy Junction Academy Division Ii,8686 Hudson St,Vancouver,V6P 4N2,604-558-2552,,
Apple Tree Roselea Child Care Centre,8740 Roselea Pl,Richmond,V7A 2K4,604-726-0301,,
Kinder Kampus - Heritage Mountain,103-300 Panorama Pl,Port Moody,V3H 4Z2,604-417-9109,,
Constellation Montessori Daycare,122 Moody St,Port Moody,V3H 2P8,604-461-3172,,
Pathway Montessori Children's Center,9025 Glover Rd,Langley,V1M 2R7,604-644-7547,,
Bear Paws Child Care,6842 Gilley Ave,Burnaby,V5J 4W7,604-563-6825,,
Baby Bears Infant And Toddler Daycare Ltd.,7973 Dunsmuir St,Mission,V2V 4S2,604-826-5612,,
Hope Infant Toddler Group Daycare,9520 mcburney Dr,Richmond,V6Y 3C6,604-282-7278,,
Cambridge Learning Centre Inc,14898 Spencer Dr,Surrey,V3S 7K7,604-655-5005,,
Caterpillar Fun House #1,101-9868 120 St,Surrey,V3V 4C9,604-589-0009,,
Creative Kids Montessori & Fine Arts Academy (Multi-Age),2663 West King Edward,Vancouver,V6L 1T5,604-612-9281,,
New Horizon Montessori School Ltd,20338 91A Ave,Langley,V1M 2G2,604-552-7542,,
University Hill Kinderclub (Preschool),5395 Chancellor Blvd,Vancouver,V6T 1E2,604-222-0700,,
Curious Minds Learning Centre Ltd,20820 River Rd,Maple Ridge,V2X 1Z7,604-315-3240,,
Early Learning Childcare Centre,3635 Coast Meridian Rd,Port Coquitlam,V3B 3N9,604-475-4809,,
Creative All Stars Childcare,13474 96Th Ave,Surrey,V3V 1Y9,604-306-4073,,
New Hope Child Care (3-5 Gdc),2551 49Th Ave E,Vancouver,V5S 1J6,604-321-6130,,
Eagle Harbour Montessori Childcare,5575 Marine Dr,West Vancouver,V7W 2R4,604-783-6604,,
Qt Daycare #2,32034 Hillcrest Ave,Abbotsford,V2T 1S4,604-851-2201,,
Cloverdale Recreation Centre Preschool,6188 176Th St,Surrey,V3S 4E7,604-598-7967,,
Creative Kids Learning Centers - Rosemary,15350 34 Ave,Surrey,V3S 0X7,604-560-5002,,
Oasis Montessori Academy,655 8Th Ave W,Vancouver,V5Z 1C7,604-928-0951,,
Little Friends Children's Centre #4,16126 93A Ave,Surrey,V4N 3A2,778-385-4120,,
Nsnh - Queen Mary Kid's Club,230 Keith Rd W,North Vancouver,V7M 1L8,604-987-8138,,
Graham Montessori School (Oos),8260 13Th Ave,Burnaby,V3N 2G5,778-397-0191,,
Riley Park Preschool,4575 Clancy Loranger Way,Vancouver,V5Y 2M4,604-257-8652,,
Fraser Montessori Daycare,1408 Fifth Ave,New Westminster,V3M 1Z5,604-553-0781,,
Bright Eyes Academy Inc @ Brooke,8718 Delwood Dr,Delta,V4C 3Z9,604-583-8950,,
Redwood Early Childhood Education,107-1785 Clearbrook Rd,Abbotsford,V2T 5X5,778-288-8855,,
Apple Tree Child Care Centre,10211 Mortfield Rd,Richmond,V7A 4H7,604-726-0301,,
Tiny Wings Montessori,13067 24Th Ave,Surrey,V4A 2G2,604-531-4718,,
Cedar Hills Preschool,Rm 17 12370 98Th Ave,Surrey,V3V 2K3,604-598-7967,,
Ahp Matthew Preschool,13367 97Th Ave,Surrey,V3T 1A4,604-598-7967,,
Bethany Child Care Centre - Before & After School Care,22680 Westminister Hwy,Richmond,V6V 1B7,604-519-0133,,
Marguerite Out Of School Care,4250 Marguerite St,Vancouver,V6J 3G3,604-879-7104,,
Kensington Out Of School Care,5175 Dumfries St,Vancouver,V5P 3A2,604-874-4231,,
Nsnh - Ridgeway Kids' Club,420 East 8Th Street,North Vancouver,V7L 1Z5,604-987-8138,,
Roots And Wings Montessori Sullivan,101 102 15295 No 10 Hwy,Surrey,V3S 0X9,604-510-2588,,
Dragon's Grove,2201 London St,New Westminster,V3M 3G1,604-540-1688,,
Montessori Mes Petits Academy 2010,1046 St. Georges Ave,North Vancouver,V7L 3H6,604-980-1102,,
Elation Education Child Care Centre,100 & 200 938 Brunette Ave,Coquitlam,V3K 1C9,604-515-8846,,
Little Koala Montessori Academy Childcare,10011 Blundell Rd,Richmond,V6Y 1K9,604-271-7068,,
Lil' Saints Early Learning Centre,3900 Arthur Dr,Delta,V4K 3N5,604-683-0281,,
Extra Steps Preschool,726 16Th Ave W,Vancouver,V5Z 1S7,604-569-0388,,
Fraser Valley Montessori Preschool & School Age Care,32717 Chilcotin Dr,Abbotsford,V2T 4M7,604-859-5061,,
Cambie Montessori Children Centre,3535 Cambie St,Vancouver,V5Z 2W9,604-558-3535,,
T.O.O.S.C.S. Preschool,4020 Trafalgar St,Vancouver,V6L 2M5,604-732-8220,,
Kit's Cottage Day Care,2926 5Th Ave W,Vancouver,V6K 1T6,604-737-2440,,
Graham Montessori School,76 Jamieson Ct,New Westminster,V3L 5R6,778-397-0191,,
Tapestry Christian Early Learning,9280 No. 2 Rd,Richmond,V7E 2C8,604-277-1079,,
Kim's Daycare,11157 Huff Blvd,Delta,V4E 2E9,604-591-7364,,
North Fleetwood Montessori School,8415 160 St,Surrey,V4N 0V6,778-829-9051,,
Smile N Grow Daycare #2,9269 155A St,Surrey,V3R 9B7,604-649-9769,,
Spare Time Treehouse,315 23Rd Ave E,Vancouver,V5V 1X6,604-875-1818,,
Alegria Childcare,3433 Coast Meridian Rd,Port Coquitlam,V3B 3N7,604-475-7727,,
Holistic Roots Childcare Centre,102-5844 Glover Rd,Langley,V3A 4H9,604-532-7977,,
Colorful World Montessori - < 36 Months,106-9780 Cambie Rd,Richmond,V6X 1K4,604-270-8870,,
Colorful World Montessori,106-9780 Cambie Rd,Richmond,V6X 1K4,604-270-8870,,
Kiwi Childcare Centre,8688 162 St,Surrey,V4N 1B5,778-828-5494,,
Roots & Wings Montessori Heritage House,15250 54A Ave,Surrey,V3S 8R7,604-510-2588,,
Astro Childcare,4108 Manor St,Burnaby,V5G 1B1,604-438-8585,,
One World Childcare Center,7655 120Th St,Delta,V4C 6P6,604-726-0404,,
Fraser Heights Out Of School Care #2 / Smarties,15678 106A Ave,Surrey,V4N 1K4,604-582-1335,,
Wibble Wobble Childcare - Vedder,7258 Vedder Rd,Chilliwack,V2R 4E4,604-392-9300,,
Little Saints Learning Ctr Inc,200 22530 Dewdney Trunk Rd,Maple Ridge,V2X 3J9,604-771-0423,,
Laugh And Learn Daycare,22762 Lougheed Hwy,Maple Ridge,V2X 2V6,604-479-5815,,
Dreamkids Childcare,207-1194 Lansdowne Dr,Coquitlam,V3E 1J7,604-809-1823,,
Little Eagle Childcare Centre Ltd,200-2188 Austin Ave,Coquitlam,V3K 3R8,604-931-6777,,
Kids Learning Castle Daycare 2,12430 76 Ave,Surrey,V3W 2T5,604-600-3310,,
Fraser Montessori Daycare,6269  14Th Ave,Burnaby,V3N 1Y7,604-553-0781,,
Newport Child Care Center,235 Newport Dr,Port Moody,V3H 5C9,604-792-3337,,
Little Rainbow House Preschool & Daycare,700 Clearwater Way,Coquitlam,V3C 6A3,604-945-2727,,
Laity View Active Kids Club,21023 123Rd Ave,Maple Ridge,V2X 4B5,604-467-7453,,
Fraser Valley Montessori School Age Care,3060 Old Clayburn Rd,Abbotsford,V2T 4M7,604-859-5061,,
Les Papillons,6887 132 St,Surrey,V3W 4L9,604-597-1590,,
A To Z Childcare Centre #3,16433 86B,Surrey,V4N 5L9,604-719-6736,,
Rise N Shine Childcare Center #4,9340 151A St,Surrey,V3R 9H6,604-779-1940,,
South Vancouver Community Montessori Daycare,2325 E 54 Ave,Vancouver,V5S 1X1,604-325-4049,,
Collingwood School Age Child Care Centre,107 3417 Euclid Ave,Vancouver,V5R 6H2,604-412-3836,,
Renfrew School Age Child Care Centre,3315 E 22 Ave,Vancouver,V5M 2Z2,604-435-0323,,
Little Butterflies Daycare,16-2773 Barnet Hwy,Coquitlam,V3B 1C2,778-875-2570,,
Curious Minds Learning Centre Ltd - Mrss,21911 122 Ave,Maple Ridge,V2X 3X2,604-476-0232,,
Fundamentals Childcare Centre Inc,20601 Westfield Ave,Maple Ridge,V2X 1L7,604-465-8515,,
Creative Kids Learning Centers - Sullivan,206 6355 152Nd St,Surrey,V3S 3K8,604-560-5002,,
Love 2 Learn Childcare Services,107-12069 Harris Rd,Pitt Meadows,V3Y 0C8,604-942-9262,,
Sunshine Academy Childcare And Learning Center,46510 Teton Ave,Chilliwack,V2P 7H6,604-702-0267,,
Stay 'N' Play Group Daycare,3260 Coast Meridian Rd,Port Coquitlam,V3B 3N4,604-942-5455,,
Caterpillar Fun House #3,137 12150 92Nd Ave,Surrey,V3V 1G2,604-589-0009,,
Burke Mountain Preschool,1386 Coast Meridian Rd,Coquitlam,V3E 3H1,604-475-5834,,
Champions Child Care,7114 148Th St,Surrey,V3S 3E5,604-218-5563,,
St. Patrick's School,2850 Quebec,Vancouver,V5T 3A9,604-581-3154,,
Little Bunnies Learning Center,496 Kings Rd W,North Vancouver,V7N 2M3,604-770-3148,,
St. Francis De Sales Parish Before & After School Care,6656 Balmoral St,Burnaby,V5E 1J1,604-683-0281,,
Golden Apple Children's House,4620 Coventry Dr,Richmond,V7C 4R2,604-241-1115,,
St. Francis De Sales Preschool,6681 Arcola St,Burnaby,V5E 1H2,604-434-3311,,
Alma Queen Daycare,125 East Queens Rd,North Vancouver,V7N 1G5,778-235-0925,,
Richmond Out Of School Care,8220 General Currie Rd,Richmond,V6Y 1M1,778-928-7364,,
Smart Dolphin Children's Centre,18790 58 Ave,Surrey,V3S 1M6,604-417-1135,,
Brilliant Butterflies Children's Learning Centre,11655 86 Ave,Delta,V4C 2X5,604-961-6934,,
Sun Hang Do Martial Arts Kids Life Skills Club (Abbotsford),6-34100 South Fraser Way,Abbotsford,V2S 2C6,604-852-4222,,
Olio,16141 90 Ave,Surrey,V4N 3A4,778-235-2509,,
Creative Kids Learning Centers - Hazelmere,388 175 A St,Surrey,V3S 9S4,604-560-5002,,
Brighter Minds Childcare Centre Ltd.,7035 142Nd St,Surrey,V3W 5N4,604-726-0404,,
Twelfth Avenue Neighbourhood Care,7622 12Th Ave,Burnaby,V3N 2K1,604-431-0400,,
Brentwood Montessori Child Care Ltd.,101-1950 Bellwood Ave,Burnaby,V5B 4Z3,604-294-2671,,
Bramblewood Montessori Child Care Center Ltd.,201 2255 Wilson Ave,Port Coquitlam,V3C 1Z4,604-942-5432,,
Lions Park Montessori,50 2789 Shaughnessy St,Port Coquitlam,V3C 3H1,604-306-0760,,
Lucky Clover Daycare Centre,17579 59 Ave,Surrey,V3S 1P3,604-372-3768,,
Happy Kids World Childcare Inc,2611A St Johns St,Port Moody,V3H 2B5,604-900-2412,,
Golden Apple Daycare,2181 Sperling Ave,Burnaby,V5B 4K6,604-781-1516,,
Growing Minds Child Care Centre,7456 19 Ave,Burnaby,V3N 1E4,604-442-4917,,
Peek-A-Boo Childcare Inc.,5439 Nancy Greene Way,North Vancouver,V7R 4N2,604-984-6018,,
Parkview Academy Of Early Learning Inc.,20955 Old Yale Rd,Langley,V3A 7P8,778-689-6721,,
St. John's Child Care Centre,1480 George St,White Rock,V4B 4A3,778-997-8614,,
Wings Of Life Fine Arts Child Care,2630 Langdon St,Abbotsford,V2T 3L2,604-302-2666,,
Rising Sun Montessori Daycare,4306 Victoria Dr,Vancouver,V5N 4N5,604-568-6889,,
Glenbrooke Daycare (Afterschool),701 6Th St,New Westminster,V3L 3C6,604-522-0666,,
Mission Montessori Academy,33070 5Th Ave,Mission,V2V 1V5,604-287-0120,,
Country Bumkins Children's Centre - Richard Bulpitt,20965 77A St,Langley,V2Y 2E6,604-856-0979,,
Fraser Montessori Daycare Inc,1917 Marine Way,New Westminster,V3M 3E4,604-553-0781,,
Reach For The Stars Montessori Iii,3085 Main St,Vancouver,V5T 3G6,604-688-7827,,
Sexsmith Community Preschool,7410 Columbia St,Vancouver,V5X 3C1,604-324-6355,,
Creative Kids Learning Centers - Morgan Crossing,101-15850 24 Ave,Surrey,V3S 0G1,604-560-5002,,
Brave Spaces Early Learning Commons,22756 48 Ave,Langley,V2Z 2T6,604-514-1000,,
Rocky Point Montessori,2709 Clarke St,Port Moody,V3H 1Z5,604-619-5308,,
Smilestones Junior Kindergarten South Surrey,3590 King George Blvd,Surrey,V4P 1B5,604-298-9006,,
St. Andrew Kim Early Childhood Education Centre (>30Mos),10218 161 St,Surrey,V4N 2J8,778-989-6780,,
Bridges Childcare And Learning Center - Rosewood,5896 189 St,Surrey,V3S 7T2,778-384-9353,,
Boundary Park Preschool,12332 Boundary Dr N,Surrey,V3X 1Z6,604-598-7967,,
Cambridge Learning Centres @ Mj Norris Elementry,12928 66A St,Surrey,V3W 8Z7,604-897-8553,,
Acorn To Oaks Academy Group 2,9120 Granville Ave,Richmond,V6Y 1P8,604-284-5499,,
Choo Choo Train Montessori Learning Centre,9555 Geal Rd,Richmond,V7E 1R4,604-727-0289,,
The Biggest Little Learning Center #2,14885 60Th Ave,Surrey,V3S 1R8,604-583-0635,,
Cefa Crestwood Junior Kindergarten,120-13700 International Pl,Richmond,V6V 2X8,604-273-0118,,
Best Friends Children's Centre Inc,201 19141 Ford Rd,Pitt Meadows,V3Y 2P8,604-767-0858,,
Stars Of Tomorrow Early Learning,12191 1 Ave,Richmond,V7E 3M3,604-370-1221,,
Imagination Station Childcare Centre-Albion,24133 102 Ave,Maple Ridge,V2W 2C6,604-476-7529,,
Early Learning Childcare Centre,101 3200 Westwood St,Port Coquitlam,V3C 6C7,604-475-4800,,
Little Koala Montessori Surrey,14947 108 Ave,Surrey,V3R 1W3,604-951-4008,,
G.A.D. Childcare Centre & Preschool,13479 77 Ave,Surrey,V3W 6Y1,604-595-0888,,
St. Matthew's Preschool & Out Of School Care,16065 88 Ave,Surrey,V4N 1G3,604-683-0281,,
Grow And Learn Preschool And Childcare Center Ltd,13838 91 Ave,Surrey,V3V 7K4,604-445-3276,,
Cefa - Junior Kindergarten (Surrey Guildford),101-10172 152A St,Surrey,V3R 1J7,604-589-2332,,
Cefa Crestwood Junior Kindergarten,120 13700 International Place,Richmond,V6V 2X8,604-273-0118,,
Children's Choice Day Care Ltd,1-12044 88 Ave,Surrey,V3W 3J2,604-715-0782,,
Cefa Early Learning - Willowbrook,20510 Langley Bypass,Langley,V3A 6K8,604-727-8842,,
Smilestones Junior Kindergarten - Langley,150-8661 201 St,Langley,V2Y 0G9,604-888-8085,,
Cypress Park Kids Club,4355 Marine Dr,West Vancouver,V7V 1P2,604-202-1918,,
You Care We Care Daycare Inc.,32965 Lougheed Hwy,Mission,V2V 1B4,604-820-4946,,
Beginners Kollege Child Care Centre Ltd,7-12350 Harris Rd,Pitt Meadows,V3Y 0C5,604-457-2555,,
Able Child Academy Early Learning Ltd,2200 Austin Ave,Coquitlam,V3K 3S1,778-877-6831,,
Smile N Learn Childcare,15699 81 Ave,Surrey,V4N 0X6,778-919-6153,,
Kids And Company North Vancouver (30 Months To School Age),1035 Marine Dr,North Vancouver,V7P 3C4,416-938-8024,,
Kids And Company - Vancouver West (Gdc<3),910 W 6 Ave,Vancouver,V5Z 1B2,416-938-8024,,
Kids And Company - Vancouver West (Gdc 3-5),910 W 6 Ave,Vancouver,V5Z 1B2,416-938-8024,,
Kids And Company - Vancouver West (School Age),910 W 6Th Ave,Vancouver,V5Z 1B2,416-938-8024,,
Renaissance Kids School Age Program # 1,1-12491 No. 2 Rd,Richmond,V7E 3M3,604-241-0141,,
Wundoroo Academy Inc. Surrey,114-7500 120 St,Surrey,V3W 3N1,778-886-0393,,
Surrey Christian School Early Learning Centre - Fleetwood,8888 162 St,Surrey,V4N 3G1,604-581-7073,,
Precious Steps Academy,8391 Osgoode Dr,Richmond,V7A 4M3,604-447-3901,,
Gilpin Neighbourhood Care,5433 Ivar Pl,Burnaby,V5G 2C6,604-298-5355,,
Cefa Meadowtown,115-19800 Lougheed Hwy,Pitt Meadows,V3Y 2W1,778-835-0083,,
Coast Meridian Montessori Pre-School Ltd,1730 Coquitlam Ave,Port Coquitlam,V3B 1H7,604-649-0543,,
Creative Edge School Of Arts Ltd.,300-3033 Immel St,Abbotsford,V2S 6S2,604-855-3343,,
Creative Clubhouse Childcare Inc,12642 100 Ave,Surrey,V3V 2X7,778-938-4889,,
Brightstart Children's Academy Ltd,2830 Bainbridge Ave,Burnaby,V5A 3W7,778-883-0529,,
Petits Genies,1600 Delta Ave,Burnaby,V5B 3G2,604-788-0901,,
Maple Meadows Out Of School Care,22-22621 Lougheed Hwy,Maple Ridge,V2X 2V4,778-241-7678,,
Golden Apple Bilingual Daycare Ltd.,12440 Woodhead Rd,Richmond,V6V 1G3,778-863-5122,,
Busy Crocodile French Immersion Children Centre Inc.,2511 St Johns St,Port Moody,V3H 2B3,604-349-9041,,
Amazing Tots Childcare Center,2888 Walton Ave,Coquitlam,V3B 2W2,778-227-5747,,
Little Leaders Childcare Centre Inc.,4-33575 Mayfair Ave,Abbotsford,V2S 1P6,604-217-1404,,
Surrey City Childcare Ltd.,12250 100Th Ave,Surrey,V3V 2X1,778-386-3501,,
Renaissance Kids School Age Program #2,1-12491 No. 2 Rd,Richmond,V7E 2G3,604-241-0141,,
Les Petits Artistes Montessori Centre,3146 Ash St,Vancouver,V5Z 3C9,604-569-0555,,
Kids By Design Preschool Inc.,11756 232Nd St,Maple Ridge,V2X 6S7,604-466-8856,,
Love 2 Learn Childcare Services Inc,12047 Harris Rd,Pitt Meadows,V3Y 2B5,604-942-9262,,
Sunshine Children's Centre - Campus Ii,11916 222 St,Maple Ridge,V2X 5V6,604-580-2060,,
Chinook - ubc Child Care Services,5488 Ortona Rd,Vancouver,V6T 1S2,604-837-9232,,
Little House Child Care,3849 Parker St,Burnaby,V5C 3B5,778-319-5951,,
Stella Childcare Centre,563 23Rd St W,North Vancouver,V7M 2C1,604-986-0126,,
Cefa Panorama South,5446 152 St,Surrey,V3S 5J9,778-241-7917,,
Windy Willows Environmental Centre Inc,19089 Advent Rd,Pitt Meadows,V3Y 2C5,604-457-0133,,
Little Lamb's Daycare Inc.,1711 Dorset Ave,Port Coquitlam,V3B 2A3,604-945-2688,,
Caterpillar Fun House #5,8226 146 St,Surrey,V3S 3A5,604-589-0009,,
Kids Zone Child Care Centre Ltd,12405 100 Ave,Surrey,V3V 2X2,604-580-6151,,
Sunshine Preschool,980 13Th St E,North Vancouver,V7L 2N2,604-987-8229,,
Happyland Early Learning Centre,201-20165 91A Ave,Langley,V1M 3A2,604-882-1611,,
Archer Daycare,310 Archer St,New Westminster,V3L 4E2,604-525-6186,,
Laugh And Learn Children Centre,101-335 Carnarvon St,New Westminster,V3L 1B9,604-526-1414,,
Magic Bean Daycare,4891 Hermitage Dr,Richmond,V7E 4P3,778-789-5215,,
Hastings Community Out Of School Care,3096 Hastings St E,Vancouver,V5K 2A3,604-718-6232,,
Bumble Bear Daycare,2305 7Th Ave W,Vancouver,V6K 1Y4,604-875-9111,,
Olive Branch Childcare,1525 Taylor Way,West Vancouver,V7S 1N5,604-281-1871,,
Terra Nova Nature Preschool,2680 River Rd,Richmond,V7C 1A1,604-238-8497,,
Golden Apple Daycare,1315 Jordan St,Coquitlam,V3B 6X5,604-475-3868,,
South Central Montessori Child Care Ltd.,6020 Steveston Highway,Richmond,V7E 2K8,778-889-0188,,
Tiny Wings Montessori - Crescent Park,13195 24Th Ave,Surrey,V4A 2G2,604-531-8576,,
Monkey Ville Childcare,8365 150A St,Surrey,V3S 8H9,604-723-9590,,
Kiddie Club Childcare Center,6686 Stanley St,Burnaby,V5E 1T8,778-861-1313,,
Heritage Mountain Daycare,145 Ravine Dr,Port Moody,V3H 4W3,604-619-5308,,
Cefa - Fleetwood,1-16050 Fraser Hwy,Surrey,V4N 0G3,604-593-2650,,
Kids Korner,85 Merivale St,New Westminster,V3L 0G2,604-540-1688,,
Abc Childcare Centre,32340 Mouat Dr,Abbotsford,V2T 4J1,604-300-1179,,
Bear Creek Cubs Childcare,8383 140 St,Surrey,V3W 5K9,604-306-4073,,
Kit's Kids Club,2305 7Th Ave W,Vancouver,V6K 1Y4,604-875-9111,,
5 Star Learning Centre,7096 201 St,Langley,V2Y 3G7,604-812-4838,,
Apple Tree Maple Child Care Centre,9211 Romaniuk Dr,Richmond,V7E 5G6,604-716-8383,,
Urban Kids Montessori - Clayton,201-19188 72 Ave,Surrey,V4N 1M9,604-372-2111,,
Sullivan's Kiddie Caboose Childcare Inc. - 62 Ave,101/102 14187 62Nd Ave,Surrey,V3X 0B1,604-833-0747,,
Mustard Seed Children's Centre - Gcc 30 Months To School Age,3360 Sexsmith Rd,Richmond,V6X 2H8,604-285-5266,,
Mustard Seed Children's Centre,3360 Sexsmith Rd,Richmond,V6X 2H8,604-285-5266,,
Little Maples After School Care,7671 Alouette Dr,Richmond,V7A 4P2,604-512-1611,,
Little Maples Preschool,7671 Alouette Dr,Richmond,V7A 4P2,604-512-1611,,
Rise N Shine Childcare Center Inc. #3,17460 61A Ave,Surrey,V3S 5K2,604-779-1940,,
Cedar Mill Childcare,890 29Th St E,North Vancouver,V7K 1B8,604-982-0439,,
Early Beginnings Multi-Age Child Care,2643 mcgill St,Vancouver,V5K 1H2,604-255-2579,,
Cambridge Learning Centre Inc,17285 61A Ave,Surrey,V3S 1W3,604-655-5005,,
South Central Montessori Child Care Ltd - Infant/Toddler,110-6020 Steveston Hwy,Richmond,V7E 2K8,778-889-0188,,
School Of Early Learning,103 3200 Westwood St,Port Coquitlam,V3C 6C7,604-475-4800,,
Royal Blue Heron Montessori Academy,10111 Fourth Ave,Richmond,V7E 1V5,604-232-9001,,
Canyon Springs Daycare,1277 Johnson St,Coquitlam,V3B 4T3,604-945-0566,,
Griffin's Gateway,495 Glencoe Dr,Port Moody,V3H 1G6,604-813-5792,,
Amazement Park Children's Center - Before-After School Care,1107 Sprice Ave,Coquitlam,V3J 2P3,604-789-9366,,
Ecel (Langley),20279 56 Ave,Langley,V3A 3Y6,604-510-8486,,
Sidekicks Childcare Centre,1550 Booth Ave,Coquitlam,V3K 1B9,604-553-6007,,
Write Choice Early Learning Centre,2027-1163 Pinetree Way,Coquitlam,V3B 8A9,604-475-3181,,
Sunny Town Learn And Play Childcare Centre,693 53 St,Delta,V4M 3B6,778-999-1015,,
Global West Montessori,101-3600 Townline Rd,Abbotsford,V2T 5W8,604-763-4439,,
La Calypso,1555 7Th Ave W,Vancouver,V6J 1S1,604-924-2457,,
Unity Christian Child Care Centre,50950 Hack-Brown Rd,Chilliwack,V4Z 1K9,604-794-7797,,
Little Wonders Montessori Childcare & Preschool Ltd.,115 36363 Auguston Pky S,Abbotsford,V3G 2Y7,604-853-9998,,
Play-N-Grow Childcare Centre Inc. #3,9479 140 St,Surrey,V3V 5Z5,604-782-3546,,
Mommy's Daycare,26994 26 Ave,Aldergrove,V4W 4A4,604-857-9640,,
Ewen Childcare Centre,527 Ewen Ave,New Westminster,V3M 5B7,604-916-3178,,
Connections Kids Club - Blundell,6480 Blundell Rd,Richmond,V7C 1H8,604-271-7600,,
Neville Childcare,5769 Neville St,Burnaby,V5J 2J3,604-417-2489,,
Acorn To Oaks Academy,9080 Granville Ave,Richmond,V6Y 1P8,604-284-5499,,
Aurostar Montessori Children Centre,1693 142 St,Surrey,V4A 6K6,604-998-7821,,
White Rock Christian Academy Junior Kindergarten,2267 152 St,Surrey,V4A 4P1,604-531-9186,,
Trinity's Little Children Centre,7100 Granville Ave,Richmond,V6Y 1N8,778-297-8522,,
Smilestones Junior Kindergarten North Surrey,9115 160Th St.,Surrey,V4N 2X7,604-657-4255,,
Kinvig Out Of School Care,13266 70B Ave,Surrey,V3W 8N1,778-386-3501,,
Connections Kids Club - Cook,8600 Cook Rd,Richmond,V6Y 1V7,604-271-7600,,
Meta Montessori House,3405 Worthington Dr,Vancouver,V5M 3Y1,604-620-6347,,
Stardom Childcare,11435 Bonson Rd,Pitt Meadows,V3Y 2S3,604-459-7827,,
Reach For The Stars Montessori Learning Academy,2343 Arbutus St,Vancouver,V6J 0H2,604-688-7827,,
Creative Kids Learning Centers - Newton,1010-7445 132 St,Surrey,V3W 1J8,604-560-5002,,
Piggy Ooo's Daycare Centre,5700 Langley Bypass,Langley,V3A 8L7,604-562-8985,,
Appu Child Care Centre,614 48Th Ave E,Vancouver,V5W 2E6,604-322-7433,,
Tots Of Fun School Age Care,1739 148 St,Surrey,V4A 4M6,778-288-9885,,
Westwood Montessori (Burke Mountain),1401 Kingston St,Coquitlam,V3E 0K5,604-765-0966,,
Imagination Station Childcare Centre-Kanaka,23980 Kanaka Way,Maple Ridge,V2W 0H7,604-614-6856,,
Nsnh - Mountainside,3365 Mahon Ave,North Vancouver,V7N 3T7,604-987-8138,,
Ladybird Montessori Learning Academy,2-1180 Pinetree Way,Coquitlam,V3B 7L2,778-285-1737,,
Amazement Park Children's Center Ltd,1050 Cottonwood Ave,Coquitlam,V3J 2T3,604-789-9366,,
"Ivy League Preschool, The",7031 143 St,Surrey,V3W 0P4,604-726-1071,,
Rainbow Angels Montessori Childcare Centre,2/F 8531 Alexandra Rd,Richmond,V6X 1C3,604-365-8128,,
Ccaa Child Care Centre,5069 Inman Ave,Burnaby,V5G 2Y7,778-322-0288,,
'Ccaa' Infant And Toddler Child Care Centre,3978 Brandon St,Burnaby,V5G 2P5,778-322-0288,,
Momiji Japanese School,4010 Victoria Dr,Vancouver,V5N 4N2,604-290-5208,,
Dreamkids Childcare Ltd (Poco Location),B110 - 1475 Prairie Ave,Coquitlam,V3B 1T3,604-809-1823,,
Pebble Lane Early Learning,16017 8 Ave,Surrey,V4A 1A1,778-291-3376,,
Cambridge Learning Centre,1650 136Th St,Surrey,V4A 4L4,604-729-0543,,
Brookswood Kids Place Inc.,20390 40Th Ave,Langley,V3A 2X1,604-530-3391,,
Central City Junior Kindergarten,101-14333 104 Ave,Surrey,V3T 0E1,604-771-6825,,
Caring Hearts Child Care,100 - 1278 Confederation Dr,Port Coquitlam,V3C 2W2,604-464-3399,,
Learning Zone Childcare,8855 156 St,Surrey,V3R 4K9,778-927-5437,,
Cambridge Learning Centre @ Hyland Elementary,6677 140 St,Surrey,V3W 5J3,604-897-8553,,
Excel Martial Arts Chilliwack,7174 Vedder Rd,Chilliwack,V2R 4E3,604-846-1888,,
Katzie Early Years Centre,19700B Salish Rd,Pitt Meadows,V3Y 2G1,604-458-0046,,
Bluejay Montessori & Piano Childcare,6619 Azure Rd,Richmond,V7C 2S4,604-306-6173,,
Little Dreamers Childcare Ltd,31150 Blueridge Dr,Abbotsford,V2T 5R2,604-614-5308,,
Ema - Kids Club (Mission),6995 Bridge St,Mission,V2V 2X5,604-820-3011,,
Canyon Springs Montessori Academy,18477 Old Dewdney Trunk Rd,Pitt Meadows,V3Y 2R9,778-320-6862,,
Laura Lee's Little Learning Center,6652 195 St,Surrey,V4N 0C3,604-533-9177,,
Sun Fun Child Care Center,2648 Sandstone Cres,Coquitlam,V3E 2T8,604-945-8901,,
Fraser Montessori Daycare,835 Surrey St,New Westminster,V3L 4W3,604-553-0781,,
Grow And Learn Childcare Center - Jt Brown,12530 60 Ave,Surrey,V3X 2K8,604-445-3276,,
Happy Hearts Childcare Centre,22336 Dewdney Trunk Rd,Maple Ridge,V2X 3J2,604-479-2273,,
Sandcastle Park Children's Centre,3-3060 Chatham St,Richmond,V7E 6L9,604-274-8380,,
Mia Montessori Academy,100-6160 London Rd,Richmond,V7E 4J2,236-885-1885,,
Mission Montessori Outdoor Education Program,37151 Hawkins Pickle Rd,Mission,V0M 1H0,604-768-5065,,
Nature's Garden Childcare Centre,2801 Hoskins Rd,North Vancouver,V7J 3A8,604-356-0329,,
Bear's House Child Care,4609 Rumble St,Burnaby,V5J 2A8,604-721-7488,,
The Babies Castle Daycare Ltd.,570 29Th St W,North Vancouver,V7N 2K2,604-307-0076,,
Little Valley Learning Centre And Daycare,14750 108 Ave,Surrey,V3R 1V8,778-395-0123,,
Young Columbus Infant/Toddler Center,11160 Seafield Crescent,Richmond,V7A 3H8,604-370-4989,,
C.J.'S School Age Fun Daycare,7429 Imperial St,Burnaby,V5E 1P1,604-525-6497,,
Mybaby Daycare,517 13Th St E,North Vancouver,V7L 2M3,778-877-1801,,
Nature And Nurture Academy,17672 57 Ave,Surrey,V3S 1H2,778-571-8801,,
Rothewood Academey South Surrey,400-15355 24 Ave,Surrey,V4A 2H9,236-868-9956,,
Junior Scholars - Surrey South,5728 142 St,Surrey,V3X 0H4,604-767-0858,,
Ema - Kids Club (Coquitlam),1046F Austin Ave,Coquitlam,V3K 3P3,604-231-3311,,
Woodward Out Of School Care,10300 Seacote Rd,Richmond,V7A 4B2,604-726-8003,,
Little Einstein Children's Centre,5014 Smith Ave,Burnaby,V5G 2W5,604-377-1956,,
Learn N' Play Early Learning Centre Inc.,335 Columbia St E,New Westminster,V3L 3W8,604-553-0461,,
Golden Sunshine Daycare Centre,402 First St,New Westminster,V3L 2G7,778-223-6676,,
Little Koala Montessi Academy - Abbotsford,2335 mccallum Rd,Abbotsford,V2S 3N7,778-856-1281,,
Little Monsters Academy - Fraser Sunset,5888 Fraser St,Vancouver,V5W 2Z5,778-522-9406,,
Sunset Out Of School Care,6810 Main St,Vancouver,V6X 0A1,604-718-6512,,
Dreamland Infant And Toddler Daycare Center,5365 Venables St,Burnaby,V5B 1X9,604-298-7772,,
Westgate Montessori School Inc.,3489 31St Ave W,Vancouver,V6S 1X6,604-221-9300,,
Little Meadows Academy,11887 Bonson Rd,Pitt Meadows,V3Y 1K5,604-465-9822,,
Jericho Kids' Club 2 General Gordon,2268 Bayswater St,Vancouver,V6K 4P5,604-736-4080,,
Peregrine House School,20381 66 Ave,Langley,V2Y 1P3,778-378-0551,,
Special Times After School Care,1251 Lillooet Rd,North Vancouver,V7J 3H7,604-812-4449,,
Tiny Toes Learning Centre,19076 88 Ave,Surrey,V4N 5T2,604-765-0355,,
Absorbent Minds Montessori School,101-5961 168 St,Surrey,V3S 3X5,604-372-4600,,
Superlearners Childcareland,14042 Grosvenor Rd,Surrey,V3R 9Y3,778-895-7317,,
Little Berries Childcare Centre,18931 70A Ave,Surrey,V4N 5M5,604-889-9398,,
Country Bumkins Children's Centre - Willoughby,20766 80 Ave,Langley,V2Y 1X6,604-881-9052,,
Vancouver Talmud Torah Early Childhood Program,998 26Th Ave W,Vancouver,V5Z 2G1,604-736-7307,,
Carr Group Childcare (School Age Care),4070 Oak St,Vancouver,V6H 2M8,604-257-8134,,
La Vie Est Belle Childcare Centre,1103 Confederation Dr,Port Coquitlam,V3C 5Y6,778-996-0686,,
Precious Early Years Childcare Inc.,818 Twentieth St,New Westminster,V3M 4W8,604-525-8186,,
Precious Early Years Childcare Centre,826 Twentieth St,New Westminster,V3M 4W8,604-525-8186,,
Precious School Years Childcare,1210 Kingston St,New Westminster,V3M 2N1,778-999-8637,,
Sunflower Before And After School Care,2260 Philip Ave,North Vancouver,V7P 2W8,604-985-9622,,
Xtreme Performing Arts Academy,11-34100 South Fraser Way,Abbotsford,V2S 2C6,604-615-4116,,
Creative Kids Learning Centers - Langley Meadows,101-19916 64 Ave,Langley,V2Y 1A2,604-560-5002,,
Little Wonders Montessori Childcare & Preschool Ltd.,33911 Hazelwood Ave,Abbotsford,V2S 7V2,604-621-5116,,
Buckingham Tots Child Care Center,7461 Stanley St,Burnaby,V5E 3Z6,604-337-0064,,
Nurturing Hearts Montessori Daycare - James Hill,22144 Old Yale Rd,Langley,V2Z 1B5,778-366-1885,,
Sunset School Age Care @ Sexsmith,7410 Columbia St,Vancouver,V5X 3C1,604-718-6512,,
Parkside Childcare Centre,210 Parkside Dr,Port Moody,V3H 4Z6,604-936-9197,,
Conscious Kids Care,202-20395 Lougheed Hwy,Maple Ridge,V2X 2P9,604-783-3066,,
Little Scholars Learning Academy,104-17720 57 Ave,Surrey,V3S 1H2,604-372-4430,,
Jessie's Tots Educare Centre,4836 Brentlawn Dr,Burnaby,V5C 3V5,778-928-9995,,
Precious Steps Academy - Seabay,11411 Seabay Rd,Richmond,V7A 3H5,604-447-3901,,
Seafair Montessori Academy,160-3920 Francis Rd,Richmond,V7C 1J7,778-927-7210,,
Kids Zone Child Care Centre #2 Ltd,9444 120 St,Surrey,V3V 4B9,778-317-1789,,
Rothewood Academy Richmond,140-7931 Alderbridge Way,Richmond,V6X 2A4,604-279-1818,,
Rothewood Academy Richmond,100-7931 Alderbridge Way,Richmond,V6X 2A4,604-279-1818,,
La Garderie,Rm 160 B - 1166 W 14Th,Vancouver,V6H 1P6,604-736-3238,,
Kinvig Early Learning Centre,14247 70A Ave,Surrey,V3W 2J9,778-386-3501,,
Lily Of The Valley Montessori Center,20645 120B Cres,Maple Ridge,V2X 9T3,778-938-9046,,
Dandelion Daycare Centre,5870 Rumble St,Burnaby,V5J 2C4,604-566-2666,,
Little Dreamers Preschool Ltd.,33165 King Rd,Abbotsford,V2S 7Z9,604-614-5308,,
My Daycare Centre,12972 58B Ave,Surrey,V3X 0C2,604-780-7200,,
Mosaic Montessori Preschool,2268 Bayswater St,Vancouver,V6K 4P5,604-734-1619,,
Precious Early Years Childcare,1209 Hamilton St,New Westminster,V3M 2N1,778-999-8637,,
Happy Hearts Childcare Centre,22330 Dewdney Trunk Rd,Maple Ridge,V2X 3J2,604-479-2273,,
